0,0,0,0.000986322947161264,0,0.00256016294422569,0.00829993164104865,0,0,0.0243741399854369,0,0,0,0.0335467301244375,0.0206034342603859,0,0,0,0,0.0115177662553703,0,0,0.0150999730455754,0,0,0,0,0,0,0,0,0,0,0,0,0.0342500642397993,0,0,0,0,0,0.0017547870906881,0.000246041076123092,0.0161851477203895,0,0,0.00141951513406079,0,0,0,0.000481744346670537,0,0,0,0,0.000255486717548597,0,0,0,0,0,0,0,0,0,0,0.0724127109354018,0,0,0,0.00829618069897422,0,0,0,0,0,0.00557125346821777,0.00912198506145802,0,0,0,0.00246669708563936,0,0,0,0,0,0,0.00504397387428936,0,0,0,0,0,0,0,0,0,0,0,0,0,0,0,0,0.00858948106042976,0,0,0.0173433553779245,0,0.00713996502074456
0,0,0,0,0,0.00299958800683579,0.00795539058400769,0.00170528838013556,0,0.0216543039026594,0,0,0,0.0250908175346054,0.0154202651714505,0,0,0,0,0.00992357346554129,0,0,0.00772136866304041,0,0.0015601595201745,0,0,0,0,0,0,0,0,0,0,0.0238555206340021,0,0,0,0,0,0,0.00846237415895742,0.000233827659755057,0,0,0,0,0,0,0,0,0.000902832206869801,0,0,0.0159049381132759,0,0,0,0,0.0144229223436675,0,0.0042759768652521,0,0,0,0.0481741014457172,0,0,0,0.00739564219989232,0,0,0.0103958594197924,0.0244190511129954,0,0.0275548754091613,0.00717070352505886,0,0,0,0.00130733801044367,0.000523144345729587,0,0.00971703888319212,0,0,0,0.0041106091369814,0,0,0,0,0,0,0,0,0,0,0,0,0,0,0,0,0,0,0,0.010260163263107,0.0105688523014599,0
0,0,0,0,0,0.00532236231673422,0.00824563204579157,0.01505739265227,0,0.0247042664415268,0,0,0,0.0281397077005897,0.0111995550973603,0,0,0.0134499515765013,0.000152263547232696,0.00451250677691577,0,0,0.00828706929076922,0,0,0,0,0,0,0,0,0,0,0,0.00110503630141599,0.0310905626204162,0,0.0167990980129823,0,0,0,0,0.0401985241132335,0.0149809307491172,0,0,0,0,0,0,0.0153073306726012,0,0.00742572642023638,0,0.0106644809419925,0.0104809152630487,0,0,0.0193840825445926,0,0.0153413454926761,0.000462784395955827,0.00636737429049025,0.00658860016353117,0.00650359544840773,0,0.0534898848317655,0,0,0,0.0429944408665089,0.002216144343573,0,0.0102075234279389,0.0270653554253602,0,0.0483629844070423,0.0167352358192021,0.0252545733385217,0,0,0.00244408299714333,0,0,0.0192887742087751,0,0,0,0.0067146804904174,0,0,0,0,0,0,0,0,0,0,0,0,0,0,0.000206988498397849,0,0,0,0,0.0179229766013769,0.0161019534563597,0
0.000986322947161264,0,0,0,0,0,0,0,0,0,0,0,0,0,0,0,0,0,0,0,0.015001569145141,0,0.0222786932267183,0,0.00692945286768539,0,0,0,0,0,0,0,0,0,0,0,0.00527297116229535,0.0102588951218394,0,0,0,0.00227051338431572,0.00196110509048763,0.0181663414715352,0,0,0.00635654429490642,0,0,0.00263005758461401,0.00448173134600358,0,0.00565117767002198,0,0,0,0,0.00046721458074356,0,0,0,0,0,0,0.00639411407704335,0,0.0273639038161538,0.00578188344363946,0,0.00671574863415157,0.00856110004385496,0,0,0,0,0,0.00541502044185875,0.0149959265208481,0,0.00294959902554789,0,0.00192920338333349,0,0,0.000379385515747659,0,0,0,0.0168995818170923,0,0,0,0,0,0,0,0,0,0,0,0,0,0,0,0,0.0150955337358714,0,0,0.00358278777860085,0,0.00533403414196798
0,0,0,0,0,0,0,0,0,0.013646317688389,0,0,0,0.0198484950861577,0,0,0,0,0,0,0.000862927557139528,0,0.0247489911301553,0,0,0,0.00409849073798254,0,0,0,0,0,0,0,0,0,0,0,0,0.00891976405244467,0.00353845066694175,0,0,0.00140687614882523,0,0,0.00465331317345902,0,0,0,0,0,0,0,0,0,0,0,0,0,0,0,0,0,0,0,0.0170594345219694,0,0,0,0,0,0,0,0,0,0,0,0,0,0,0,0,0,0,0,0,0,0,0,0,0,0,0,0,0,0,0,0,0,0,0,0,0,0,0,0,0,0.00858667562745094,0,0
0.00256016294422569,0.00299958800683579,0.00532236231673422,0,0,0,0,0.000571090256310743,0,0,0,0,0,0,0,0,0.00278937358685315,0.000513400533169236,0.0270926170759717,0,0,0,0.0101650690584607,0,0.00371556811540992,0,0,0.00365130335040691,0.00358702707449782,0,0,0.00415949040036329,0.00406644731757428,0,0,0,0,0.0124562571416896,0,0.00311945826698315,0,0.00190917782087322,0.00757557525345048,0.0418904598279598,0.00355077424741619,0.00144317587527088,0,0.0015044535841525,0.0043467350529998,0.00678965967323363,0.00644567323248327,0,0.0135618414082944,0.00615786180869602,0,3.83469926159956e-05,0,0,0,0,0,0,0,0.00626691440511762,0.0174352480738966,0.00994716107251888,0.0101712019174963,0.0147872349703336,0.000768489442283716,0,0.00264030382279657,0,0,0,0,0,0.00818393971156651,0.0131900998042313,0.00128571576172717,0.00516769781550405,0.00524749933799276,0,0,0,0.00359234456918887,0.00222588870795182,0,0,0.00121440373775861,0,0.000352518900849259,0,0,0.00313752376324948,0,0,0.00550855763572537,0,0.00263287600251446,0.00584586613174145,0,0.00433344462727113,0,0.00267190341152016,0,0.0140845169749568,0.000812858619138846,0,0.00593847450489622,0.00349103505298635,0.00590338682372298
0.00829993164104865,0.00795539058400769,0.00824563204579157,0,0,0,0,0.00272677009942609,0.00840131443026951,0,0,0.01902545347161,0.00876648999148655,0,0.00655082081354387,0.00375696098637214,0.00249161027764609,0.0154637616794723,0.0424648053776569,0,0.00113515597619261,0,0.0214974644195837,0,0.0155312438242997,0.00863963425962854,0.00942694468408424,0.010156330434129,0.0194343808054921,0,0.00219668957396781,0.0189494699223532,0.0222709654806678,0.0178539284612782,0,0.0142059057159821,0,0.0248787590863793,0.0125167375957037,0.00376564086868112,0,0.0139531517752674,0.0234660496110951,0.052470816656159,0.00286840818780247,0.00554783981458883,0,0.0097450698650312,0.00138173617416442,0.00722430927591809,0.014384314693187,0,0.0127717850425919,0,0.0141975223794927,0,0.0233407892617092,0,0.0235458846954703,0,0,0,0,0.0239262265230754,0.0151625338163532,0.0142942362318728,0.0252490492649898,0.0103209202097725,0.0116495366007908,0,0.0128169908891156,0,0.010931683631044,0.00228907719920403,0,0,0.0231950421227753,0.015164762253548,0.0141908668642409,0.00923065101887838,0.0194069709020651,0.0128083800127112,0.000370292332761383,0.00127190511883439,0.0163214291704985,0.0256539327428401,0.00755775300233686,0.00797688777424457,0.0475419490299671,0,0.00682374768381675,0.00710925817648107,0.000317622064438686,0.0190618782341638,0.00615159196429147,0,0.0139177292752918,0,0.0258678128572165,0.0211031742560319,0.0145283412969385,0.0123854217581998,0.00428434087925901,0.0111814081685731,0.014717245907555,0.0246110167826952,0.00572172687788311,0,0,0.0148703115406261,0.0137054480996145
0,0.00170528838013556,0.01505739265227,0,0,0.000571090256310743,0.00272677009942609,0,0,0.0179990748640268,0,0,0,0.0227791544663623,5.10284547333012e-05,0,0,0,0,0,0,0,0.0022451334920899,0,0.00791945550625978,0,0.00975665940066529,0,0,0,0,0,0,0,0,0.0205117068676897,0,0.00716702643486184,0,0,0,0,0.0197685592451394,0.0023346126881112,0.00472954840235051,0,0,0,0,0,0.0206119892786316,0,0.0252749049369826,0,0.000516740315706264,0.0171511513348241,0,0,0,0,0.0137445499569378,0.00643656399284154,0,0,0.0100501998860977,0,0.0408713656531657,0.00598805193210217,0,0,0.0302443282458723,0,0,0.00232732626066802,0.0271857572600368,0,0.0334138446847989,0.0210019681878699,0.0173053038416532,0,0,0,0,0,0.00812038520912232,0,0,0,0.0150628877740745,0.000372343209934085,0,0,0,0,0,0,0,0,0,0,0,0,0,0,0,0,0,0,0.00934197590329627,0.0110582785643469,0
0,0,0,0,0,0,0.00840131443026951,0,0,0.0296342657498826,0,0,0,0.0281140663178887,0.0289497107083817,0,0,0,0,0.0177706847787403,0,0,0.0220144326097678,0,0.00488746105299378,0,0,0.00291097195470524,0,0,0,0,0,0,0,0.00935962986428212,0,0,0,0.00103916935526814,0,0,0.00726835362610899,0.00610410068200983,0,0,0.00459886057694206,0,0,0,0,0,0,0,0,0,0,0,0,0.00744036102639719,0,0,0,0,0,0,0.0430708229866839,0,0,0,0,0,0,0,0,0,0.000243484316497816,0.000289858588799377,0,0,0,0.00683038188293478,0,0,0,0,0,0,0.00682430772475404,0,0,0,0,0,0.00257303982074059,0,0,0,0.00114783328319733,0,0,0,0,0,0,0,0,0,0.0134002439069907,0,0.00404203665226346
0.0243741399854369,0.0216543039026594,0.0247042664415268,0,0.013646317688389,0,0,0.0179990748640268,0.0296342657498826,0,0.00761157423367797,0,0,0.00623848687088142,0.0186369165369973,0.011246914613775,0,0.0216904725890796,0,0.0101424897683797,0,0,0.00253744073345762,0,0.0195851314923374,0,0.0319751447954433,0.0146612435705629,0.0108016192076538,0.0163748146026803,0.00987106102804155,0,0,0,0.000583146957221066,0,0.0111595243602649,0.0236013979398311,0,0,0.00603701853671647,0.0294815144793216,0.0239355685646662,0,0.00818181367753111,0,0,0,0,0.0054331006270082,0.00465704252964495,0,0.0210217740701624,0,0,0.000954426299750608,0,0.0127935191741758,0.00381397756807244,0.0111135046095943,0,0.00558887150495051,0,0.00914415585937302,0.0259818095612055,0.0143346611831615,0.00207797860585027,0.0201712295483763,0.0103686484295876,0.00678047953102509,0.0112131297986149,0.0119138063508552,0.016493825536304,0,0.00971665379789495,0.0172042855806649,0.0128921623061757,0.0126418299538358,0.0151667750666701,0.0110988822007261,0.0123762716422197,0,0.0139032788302974,0,0.0142724272654576,0.0101087197828648,0,0.00334787679218178,0.00896918484362239,0.0235931860901329,0.0136521245005836,0,0.00352469497346085,0.0308526606915271,0.0209219494892967,0.0121249804101036,0.0147464406161728,0,0.0300593968707415,0.0210170741847069,0.0264287223394457,0.0301315507564039,0.0278506302038209,0.0107355962646697,0.00767870433580863,0.0160835568473857,0,0.0252436775149555,0,0.0353091297948614,0.0189068384562654
0,0,0,0,0,0,0,0,0,0.00761157423367797,0,0,0,0.00975397417721615,0,0,0,0.0177960045123509,0,0,0,0,0,0,0.00318259000167288,0,0,0,0.0104366648425585,0,0,0,0,0,0,0.0342863180064164,0,0.000586518116036613,0.0055965005480614,0,0,0,0.0202055701307826,0.0128865441870749,0,0,0,0,0,0,0.00529225858361026,0,0,0,0.012444510097635,0.00371631599849226,0,0,0.021829161938942,0,0.00765775057288504,0,0.0125039438696824,0.00712270232122218,0,0,0.0489429864214416,0,0,0,0.026597904129329,0,0,0.0148658252231047,0.019886577307152,0,0.0654280697633491,0.00737915168931289,0.0344340641618524,0,0,0,0.0122605552596522,0,0.0177643755779503,0,0,0,0,0,0,0,0,0,0,0,0.00168574102344788,0,0,0.00504141795041758,0,0,0,0,0,0,0,0,0.00299550240180055,0,0
0,0,0,0,0,0,0.01902545347161,0,0,0,0,0,0,0.00617107481988071,0,0,0.00420812956286339,0,0,0,0.0296753637146644,0,0,0,0.00948371882612852,0,0,0.000942480945459769,0,0.0161825462797146,0,0.0119184507599974,0,0,0,0,0,0,0,0,0,0,0,0,0,0,0,0,0.00950907137848474,0.0044450705325176,0,0.00121680674052432,0,0,0,0.0218093138459344,0,0.00245727973444795,0,0,0.0122884842433064,0,0,0,0,0,0,0,0,0,0,0,0,0.00143532018369025,9.24868086637533e-05,0,0,0,0,0,0,0,0,0.00365998375900437,0,0,0,0,0,0,0,0,0,0,0,0,0,0,0.0164255224803324,0,0,0,0,0,0,0.00368720697225998,0,0,0,0,0.00511294904925803
0,0,0,0,0,0,0.00876648999148655,0,0,0,0,0,0,0,0,0,0.00322717507213936,0,0,0,0.01580077681534,0,0,0,0.00180538541172374,0,0,0,0,0,0,0,0,0,0,0,0,0,0,0,0,0,0,0.000853419622543311,0,0,0,0,0,0,0,0,0,0,0,0,0,0,0,0,0,0,0,0,0,0,0,0.00457676941203954,0,0,0,0,0,0,0,0,0,0,0,0,0,0.00383763821726436,0,0.00709512342182849,0,0.00168006623964192,0,0,0.0131459430604914,0,0,0.0111987483604283,0.0027484798555059,0,0,0,0,0.00856118605368246,0,0,0,0,0,0,0.00774419673554927,0,0,0,0,0,0
0.0335467301244375,0.0250908175346054,0.0281397077005897,0,0.0198484950861577,0,0,0.0227791544663623,0.0281140663178887,0.00623848687088142,0.00975397417721615,0.00617107481988071,0,0,0.0256730330795068,0.00691441057650097,0.00377714448711636,0.0270770802601328,0.000654111224540941,0.0219805272395924,0.00428643394497555,0.00553387064118782,0.00725501243960934,0.0100799238219404,0.0188706216579176,0.0081167257117468,0.0308581961948601,0.00670617473462126,0.0135800889666667,0.0338811633067273,0.0182675927892164,0.003633864817408,0.00623204132946286,0,0.000771974784795764,0.00708169561193853,0.0209760828660628,0.0314945523790261,0,0,0.00986219194130609,0.0338617654615746,0.0317657853719651,0.00560056611011508,0.00971047384367361,1.12188347284233e-05,0,0,0,0.00535992058858311,0.0135066081976296,0,0.024684158680737,0,0.00482743887015728,0,0,0.0261161303248709,0.00828973876578763,0.00791264987939689,0,0.0284785600280115,0,0.0158311088648092,0.0313891767661677,0.0254555926320708,0.0175045719940367,0.0391320202255926,0.0128269605893185,0.0171128930085359,0.0238674280108906,0.020345164356806,0.017489169085077,0,0,0.011299912221967,0.0219602637271933,0.0283105114858758,0.0231098322422262,0.0151677202538231,0.0202712868156644,0,0.0134846265347058,0.00311744751557111,0.0190110453778413,0.0170471256584383,0.00122414304574484,0.0149607584760652,0.0357647839015583,0.0241000046918144,0.0171720060602843,0,0.00199569256289248,0.0317824410080552,0.01848482286217,0.00436890556656499,0.0217468651819163,0,0.0444111888680854,0.0227495360674829,0.0247292172395801,0.030094323803428,0.0302978025657959,0.0233306845773851,0,0.0308711532122746,0.0258980116791851,0.017548939702829,0,0.0367499276132305,0.0359323761202922
0.0206034342603859,0.0154202651714505,0.0111995550973603,0,0,0,0.00655082081354387,5.10284547333012e-05,0.0289497107083817,0.0186369165369973,0,0,0,0.0256730330795068,0,0.00547139989553073,0,0,0,0.00281851306060816,0.00211641164473316,0,0.0231821720743988,0,0.015849113776944,0,0.00550264659434859,0.0121345938965725,0.00274745303770493,0.00920508009531412,0.00380331647298064,0.00670282886478748,0,0,0,0.0020273219334887,0.00623145734854585,0.0127850516245835,0,0,0,0.0308665611847901,0.0160288307794764,0,0,0,0.00537473202428252,0,0,0,0,0,0.00552230187993223,0,0,0,0,0,0,0.0206199229855095,0,0,0,0,0.000452453397761209,0,0.0241893273858942,0,0,0,0,0,0,0,0.00149572184899593,0.000228773222861326,0,0,0,0,0,0.00085329135414387,0,0,0.00415966439985318,0,0,0,0.0132825958949481,0,0,0,4.03026094628241e-05,0.0276790909328058,0.0216073438487763,0,0,0,0.0232327158974344,0.00129800701160118,0.012014250160614,0.0274386742314163,0.0266651753478637,0,0,0.0133166890468279,0,0.00829266836024157,0.00354702743117319,0.000361347729670373,0.0242596270567549
0,0,0,0,0,0,0.00375696098637214,0,0,0.011246914613775,0,0,0,0.00691441057650097,0.00547139989553073,0,0.00718169945018719,0.0142343957562287,0,0,0,0,0,0,0.00546517408902723,0,0,0,0,0,0,0,0,0,0,0.00263081800602467,0,0,0.00442495585237973,0,0,0,0,0,0.00624454623124956,0.00138145373843762,0,0,0,0,0.000142314162226469,0.00114630395799767,0,0,0.0142595689744049,0.0239324852330567,0,0,0.00497859561163006,0,0.0207887178607763,0,0.0206894163289134,0.0122658866459952,0,0,0.0212501182841884,0,0,0,0.0106990500027016,0,0,0.0189315645092633,0.0282351501612163,0,0.0161813007297157,0,0.00763820875866678,0,0,0,0,0,0.0161891873354311,0,0,0,0,0,0,0,0,0,0,0,0,0,0,0,0.015099636751699,0,0,0,0,0,0,0,0,0.00133078633244629,0
0,0,0,0,0,0.00278937358685315,0.00249161027764609,0,0,0,0,0.00420812956286339,0.00322717507213936,0.00377714448711636,0,0.00718169945018719,0,0.00377305939867656,0.00222964353490269,0,0,0,0.00200398839259106,0,0,0,0.00276854260769872,0,0,0,0,0,0.00119786386074657,0.00706377290601616,0.00320354532715017,0.0257425478345708,0,0,0.0027310106116715,0.000861668764056073,0.000329111808453193,0,0.00200684411942481,0.0241053409826962,0,0,0,0,0,0,0,0,0,0,0,0,0.00810285701625452,0,0.004212981638885,0,0.000568998797867891,0.000397848384496552,0.014150231544618,0,0,0,0.029796374624677,0,0,0,0,0,0,0,0,0.00177758751857008,0.0119643478722582,0,0,0,0,0.0273934869338347,0,0,0,0,0.00081778437602803,0.00867459401515233,0.00846862299303935,0,0,0,0.00352142915334289,0,0,0,0.00343430605226453,0,0,0.00203943849369544,0,0,0,0.0021262789359741,0,0,0,0,0.00429828761367679,0,0
0,0,0.0134499515765013,0,0,0.000513400533169236,0.0154637616794723,0,0,0.0216904725890796,0.0177960045123509,0,0,0.0270770802601328,0,0.0142343957562287,0.00377305939867656,0,0,0,0.00235449238611166,0,0.00292019571718129,0,0.0190706962128732,0,0,0,0,0,0,0.00126220095286323,0,0,0.00553638339720813,0.0105901771955157,0,0,0.00967478308723404,0,0.00448334290090191,0,0,0,0.00539044396798638,0,0,0,0,0,0,0,0,0,0.00897052468012867,0.0140189548425406,0,0,0.00880107928902139,0,0.0259835451469264,0,0.0136185412218028,0.000404406858784593,0,0,0.013224199048201,0,0,0,0,0,0.00981150175701257,0.0085607403464999,0.0238039703449232,0,0,0,0,0,0,0.00271822874633258,0,0,0,0,0,0,0,0,0,0,0,0,0,0,0,0,0,0,0,0,0,0,0,0,0,0.00139259508294823,0.0107847383046933,0,0
0,0,0.000152263547232696,0,0,0.0270926170759717,0.0424648053776569,0,0,0,0,0,0,0.000654111224540941,0,0,0.00222964353490269,0,0,0,0.00841669890548385,0,0,0,0,0,0,0,0,0.02041861372829,0,0.0203351185577196,0,0,0.0328630377903502,0,0,0,0,0.00351319152063484,0.0168243447141945,0,0,0.0350018696339491,0,0,0.00910277697527534,0,0.00933416177568168,0.00736242267346107,0,0,0.0146125069206179,0,0,0.0367083754783046,0,0.00876188416502213,0,0,0.0291564495791779,0,0,0,0.00434000893548513,0.00713044539475627,0.00416544386999338,0.00166354241675128,0,0,0,0,0,0,0,0,0,0,0,0,0,0.00328231020844921,0,0,0,0.000266065116499466,0.00380573986086386,0,0.00435568392577227,0,0,0,0,0,0,0,0,0,0.0360231017690642,0,0,0,0,0,0,0.012440244161987,0.0269244290720095,0,0.0024342742666719,0,0.0218168709027363
0.0115177662553703,0.00992357346554129,0.00451250677691577,0,0,0,0,0,0.0177706847787403,0.0101424897683797,0,0,0,0.0219805272395924,0.00281851306060816,0,0,0,0,0,0,0,0.025881492098587,0,0.00981027363360569,0,0.00948741907486544,0.00546172569575348,0,0.00695942177449669,0.00246475911367034,0.000116164087053131,0,0,0,0,0.014100233647705,0.0108010196352918,0,0,0,0.0241625594893376,0.0140540955317529,0,0,0,0.00652938784047311,0,0,0,0,0,0.00405046142129858,0,0,0,0,0.00255336935749995,0,0.00939927252107368,0,0,0,0,0.00741583704620001,0,0.0269614783892519,0.00670197341989584,0,0.000697711485469868,0.00541852161238414,0,0,0,0,0,0.00348006742895793,0.00773885451194355,0,0,0,0,0,0,0.00238667818461105,0,0,0,0.0164531853824695,0,0,0,0.000974367146260873,0.0184983301351568,0.0134320232778804,0,0,0,0.0158804075123528,0,0.00945807778455591,0.0206911864360396,0.0157597106911618,0,0,0.0117749230387697,0,0.00735775468636549,0,0,0.0179531641302336
0,0,0,0.015001569145141,0.000862927557139528,0,0.00113515597619261,0,0,0,0,0.0296753637146644,0.01580077681534,0.00428643394497555,0.00211641164473316,0,0,0.00235449238611166,0.00841669890548385,0,0,0,0,0,0,0,0.00503590777443271,0,0.00141077554179683,0,0.0047238134554271,0.0195964395449463,0.0228084029636553,0.0108822566613595,0,0.0392823863533616,0,0.00303143415810043,0.00504751501890295,0.000712502674957642,0.000809748053863787,0,0,0.010615492784287,0,0,0.00623889772585894,0,0.00305947354227046,0,0,0,0,0,0,0.00515428827206655,0,0,0,0,0.00545727914799343,0,0.00219045988562919,0,0,0,0.017173795257064,0,0,0,0.00156956520907092,0,0,0,0.00172831249608639,0,0.00559355892401727,0,0.000128099801196542,0,0,0,0,0,0,0,0,0,0,0,0,0,0.00415117148236364,0,0,0,0,0,0,0,0,0,0,0,0.000791743389433881,0,0,0.000307511979148734,0,0,0
0,0,0,0,0,0,0,0,0,0,0,0,0,0.00553387064118782,0,0,0,0,0,0,0,0,0.0499562281935325,0,0,0.0171147157311999,0.00176294498796905,0,0,0.0045256441154468,0,0,0,0,0,0,0,0,0,0,0,0,0,0.00115522330582904,0,0,0.00613264086748027,0,0,0,2.11093033975398e-05,0,0,0,0,0,0,0.0268749526684525,0,0,0,0.042811796613158,0,0,0.00654546282920513,0,0.0488542334734339,0.0531648085889543,0,0.0513490033808996,0.0226479772516776,0.00773170458297307,0,0,0,0,0,0.0241003259894743,0,0,0,0,0,0,0,0,0,0,0.0424886389401996,0,0,0,0,0,0,0,0,0,0,0,0,0,0,0,0,0.00320843835245463,0,0,0,0,0
0.0150999730455754,0.00772136866304041,0.00828706929076922,0.0222786932267183,0.0247489911301553,0.0101650690584607,0.0214974644195837,0.0022451334920899,0.0220144326097678,0.00253744073345762,0,0,0,0.00725501243960934,0.0231821720743988,0,0.00200398839259106,0.00292019571718129,0,0.025881492098587,0,0.0499562281935325,0,0.0371961582257548,0,0.014513665027104,0.0151308645125089,0,0,0.0525594674299808,0.0317657166646365,0.0246478050531585,0,0,0.0141925528799525,0,0.0340151182565433,0.017554930426044,0,0.0470560701809213,0.0438136701512915,0.026419544144829,0.0177456559688696,0.0203794122455581,0.00152121672321296,0,0.00151754280482426,0,0,0.00316643482461594,0.0140735266720922,0,0.010759421808354,0,0,0,0,0.0545676999883225,0,0,0.00248535764577131,0.0391381788513332,0,0.0123787133383665,0.0291827901530128,0.0333262902187315,0.0205295211799467,0.0332605192503232,0,0.0536273586909441,0.0272875112495904,0.0308415985504659,0,0,0,0,0.0169827348299224,0.0333295058282613,0.00934576804487515,0,0.00795393152018124,0.0780407699059654,7.36973006065372e-05,0,0.00256173465436836,0.00358555306998241,0,0.00539707270305086,0.00131832079448604,0.0155336939501899,0.01014715360763,0.00191241264273378,0,0,0,0,0.0100829938337961,0,0.0122065543287956,0,0.00158120102073311,0.01234687703372,0.00439185741177486,0.0138638170078155,0,0.0164056355987483,0.0171815580458684,0.00990705447927455,0.00668776861659638,0.0244222323839391,0.0147577712074558
0,0,0,0,0,0,0,0,0,0,0,0,0,0.0100799238219404,0,0,0,0,0,0,0,0,0.0371961582257548,0,0,0.00500152511127291,0.00850478756130002,0,0,0,0.00200302136175386,0,0,0,0,0,0.0103164028773781,0,0,0.00417105393162373,0,0.0088658448690926,0.0017399266916993,0,0,0,0.0125774578007723,0,0,0,0,0,0,0,0,0,0,0,0,0,0,0.00311101096187288,0,0,0,0,0.035100758864822,0.008533210080028,0,0.00495867749274774,0.00212830154462111,0,0,0,0,0,0,0,0,0,0,0.00147001662396423,0,0,0,0,0,0,0.0177547790341267,0,0,0,0.00203376414558281,0,0.00222173339097633,0,0,0,0,0,0,0.000257703846171779,0,0,0,0.00375260268299501,0,0,0,0,0.00762205786631617
0,0.0015601595201745,0,0.00692945286768539,0,0.00371556811540992,0.0155312438242997,0.00791945550625978,0.00488746105299378,0.0195851314923374,0.00318259000167288,0.00948371882612852,0.00180538541172374,0.0188706216579176,0.015849113776944,0.00546517408902723,0,0.0190706962128732,0,0.00981027363360569,0,0,0,0,0,0,0,0,0.0209364970589027,0,0,0.00119687571944915,0.00360146996606308,0,0.00490201949493786,0.0440737179075233,0,0.0124646244729991,0.0128253736640911,0,0.00467226796970136,0,0.0190122046228551,0.0171485343852601,0,0.00147284917236483,0,0,0,0,0.0018234336329387,0,0,0,0.0152715668385133,0.0131717755668745,0,0,0.0193728796851045,0.00341652943945177,0.0194359761636151,0,0.0107313920811047,0.00702820905669084,0,0,0.0374443396233858,0,0.00253078096067099,0,0.0131416116922722,0,0.00190689082465005,0.0107910232993603,0.0158569190427965,0,0.0258923299930979,0,0.00674582811432671,0,0,0,0.00724942692614095,0,0.0159407679140255,0.00133034402406544,0,0,0,0,0,0,5.75621338708629e-05,0,0,0,0,0,0,0.00893373624274581,0.00866117028271757,0,0.000295755111252264,0,0,0,0,0.000967062866966562,0.00833266502384482,0.00564668968420048,0
0,0,0,0,0,0,0.00863963425962854,0,0,0,0,0,0,0.0081167257117468,0,0,0,0,0,0,0,0.0171147157311999,0.014513665027104,0.00500152511127291,0,0,0,0,0,0,0,0,0,0,0,0,0,0,0,0.0115639108813288,0.0061597045355907,0,0,0,0,0,0.0124190882599009,0,0,0,0,0,0,0,0,0,0,0,0,0,0,0,0,0,0,0,0,0.00439613323626493,0,0,0,0,0,0,0,0,0,0,0,0,0,0.016126078793215,0,0,0,0,0,0,0,0,0,0,0,0,0,0,0,0,0,0,0,0,0,0,0,0,0,0,0,0,0
0,0,0,0,0.00409849073798254,0,0.00942694468408424,0.00975665940066529,0,0.0319751447954433,0,0,0,0.0308581961948601,0.00550264659434859,0,0.00276854260769872,0,0,0.00948741907486544,0.00503590777443271,0.00176294498796905,0.0151308645125089,0.00850478756130002,0,0,0,0,0,0,0,0,0,0,0.00568969808533056,0.0120510144599509,0,0,0,0.00152019275795879,0.0106818462260623,0,0,0.00823198384912084,0,0,0,0,0,0,0,0,0,0,0,0,0,0,0.00492919124643908,0,0.00707143070173899,0,0.0158060420715171,0,0,0,0.035822396087551,0,0,0,0,0,4.77275337017662e-05,0.00359888573559898,0.0208264960375713,0.00801015053605007,0,0,0,0,0,0.0420973145250324,0,0,0,0,0,0,0.00943087225712621,0,0.00587667226547395,0,0.00510228509010015,0,0,0,0,0,0,0,0,0,0.000524880446294293,0.00433190760865876,0,0,0,0.0133757100309199,0.0135024856367528,0.0100967370718933,0
0,0,0,0,0,0.00365130335040691,0.010156330434129,0,0.00291097195470524,0.0146612435705629,0,0.000942480945459769,0,0.00670617473462126,0.0121345938965725,0,0,0,0,0.00546172569575348,0,0,0,0,0,0,0,0,0.00919947269362296,0,0,0,0,0,0.00104151829723669,0.0222758801984197,0,0,0,0,0.000846269447081337,0,0.00782783552124845,0.00964891348712294,0,0,0,0,0,0,0.00650407527307202,0,0,0,0.00339531241668018,0.0164535964403381,0,0,0.00598347389141033,0,0.0143245383031706,0,0.0114907554583122,0.00536904395622568,0,0,0.0352949022786376,0,0,0,0.024700169691974,0.000563404897815472,0,0.00907021388998698,0.0105282143452508,0,0.0330586988510735,0.00754845472985357,0.0112631636315168,0,0,0,0,0,0.0172559783992868,0,0,0,0,0,0,0,0.000362167268546621,0,0,0,0,0,0,0,0,0,0,0,0,0,0,0,0,0.00162956354967111,0
0,0,0,0,0,0.00358702707449782,0.0194343808054921,0,0,0.0108016192076538,0.0104366648425585,0,0,0.0135800889666667,0.00274745303770493,0,0,0,0,0,0.00141077554179683,0,0,0,0.0209364970589027,0,0,0.00919947269362296,0,0,0,0.00493817353665249,0,0,0.00459750170576393,0.00922210963904138,0,0,0.00830096522804402,0,0.000581528798609583,0,0,0,0.00950793027524417,0.0114054937544576,0,0,0.0160602542182005,0.0141048539487836,0.00573420703107717,0,0.007769276042676,0,0.0031655642963028,0.0389228433733626,0,0,0,0,0.0347734889726772,0,0.0118093037983994,0,0,0,0.00515213576039355,0,0,0,0,0,0,0.0213510806192062,0.0392490263706247,0,0,0.000203307923562919,0,0,0,0,0,0,0,0,0,0,0,0,0,0,0,0,0,0,0,0,0.00680261092580192,0,0,0,0,0,0,0,0,0,0,0,0
0,0,0,0,0,0,0,0,0,0.0163748146026803,0,0.0161825462797146,0,0.0338811633067273,0.00920508009531412,0,0,0,0.02041861372829,0.00695942177449669,0,0.0045256441154468,0.0525594674299808,0,0,0,0,0,0,0,0,0,0.00394217033493727,0.0171636983818988,0.000393786091599967,0,0,0,0,0,0,0,0,0.0130534478132098,0,0,0,0.00801058748409445,0.0097381380990228,0.00692960063899135,0,0.00854442797472181,0,0.0355499582738456,0,0,0.0411678537306515,0,0,0.00231556495213891,7.00649795241087e-06,0,0,0,0,0,0.00083180936542166,0.0192845204577427,0,0,0,0,0,0.00490794266018896,0.00812137667827477,0,0,0.00268942073154795,0,0,0,0.0575849511167401,0,0,0,0,0.00232499413859271,0,0.219734655177136,0,0,0.0304630229989503,0,0,0,0,0,0,0,0,0,0,0.00245047376842568,0.00125261701791188,0.0187361529438392,0,0,0.0226926338840035,0.0244610971917,0,0
0,0,0,0,0,0,0.00219668957396781,0,0,0.00987106102804155,0,0,0,0.0182675927892164,0.00380331647298064,0,0,0,0,0.00246475911367034,0.0047238134554271,0,0.0317657166646365,0.00200302136175386,0,0,0,0,0,0,0,0,0,0,0,0.0154622912891768,0,0,0,0.0111903032320192,0,0,0,0.0163962684847795,0,0,0.0121579091127577,0.0016981202121147,0.00605807031856935,0,0,0,0,0,0,0.00440159451718439,0,0,0,0,0,0,0.000216493223374169,0,0,0,0.0839198437297035,0,0,0,0,0,0,0,0.00540577707230131,0,0,0.00181003585948088,0,0,0,0.00973275564996968,0,0,0,0,0,0,0.00996831875800421,0,0,0,0,0,0,0,0,0,0,0,0,0,0,0,0,0,0,0,0.00610762619683579,0,0.00861083420260627
0,0,0,0,0,0.00415949040036329,0.0189494699223532,0,0,0,0,0.0119184507599974,0,0.003633864817408,0.00670282886478748,0,0,0.00126220095286323,0.0203351185577196,0.000116164087053131,0.0195964395449463,0,0.0246478050531585,0,0.00119687571944915,0,0,0,0.00493817353665249,0,0,0,0.0164857247638354,0.00724847343992956,0,0.0295711968266151,0,0.0126328504191342,0,0.03141514194546,0.00195716343495698,0.00915397406414837,0.00553860206583521,0.0531006524645991,0,0,0.021288222822746,0.0176406293544761,0.0118348456400029,0.0019099995206016,0,0.00415275268015288,0.00577608912571202,0,0,0.0175989078786943,0,0,0,0,0.0115530254665103,0,0.0193141653231752,0,0,0,0.0842980540287285,0,0,0,0,0,0,0.0143486641150838,0.0115228275154589,0,0.00744131377932356,0,0,0.011606205878304,0,0.0279490721128876,0,0,0.000744656319608379,0,0.00381092379889086,0.000939567356217657,0,0,0,0.000422600410782434,0,0.00230368932342609,0,0,0,0,0.00856028278158929,0.00279409344714169,0,0,0,0.00175046853768749,0,0.0174547570329653,0.0206483905820457,0,0.00303547016814264,0.00623965608555772,0.0296161341336682
0,0,0,0,0,0.00406644731757428,0.0222709654806678,0,0,0,0,0,0,0.00623204132946286,0,0,0.00119786386074657,0,0,0,0.0228084029636553,0,0,0,0.00360146996606308,0,0,0,0,0.00394217033493727,0,0.0164857247638354,0,0,0.00507791786692717,0,0,0,0.00484697497660262,0,0.00145816434026715,0,0,0,0.0010864787904436,0.00439066012213735,0,0.00631591193876319,0.0260416132463491,0.0129882664759735,0.00430340297041502,0,0,0,0,0.0322041261217199,0,0,0,0,0.0268979377616345,0,0.00844825800849539,0,0,0,0.00159317388413129,0,0,0,0,0,0,0.012624328596266,0.018647660504173,0,0,0.00129075149690011,0,0,0,0,0,0,0,0,0,0,0.00442591959642446,0,0,0,0,0,0,0,0,0,0.0104361805141887,0,0,0,0,0,0,0,0,0,0,0,0.00295678356955738
0,0,0,0,0,0,0.0178539284612782,0,0,0,0,0,0,0,0,0,0.00706377290601616,0,0,0,0.0108822566613595,0,0,0,0,0,0,0,0,0.0171636983818988,0,0.00724847343992956,0,0,0.00560622758161817,0,0,0,0,0,0,0,0,0.0143635703735341,0,0,0,0,0.0188583735448456,0.00240268216948933,0,0.00177220861868997,0,0,0,0.0417128635329233,0,0,0,0,0.0209700432350412,0,0,0,0,0,0,0,0,0,0,0,0,0.00278009798990332,0.0131741242766183,0,0,0,0,0,0,0,0,0.000310479528292905,0,0.000449708470568811,0,0,0,0,0,0,0,0,0,0,0,0.0055124150921846,0.016947313032464,0,0,0,0,0,0.00491652164850613,0,0.000485435182192992,0,0,0,0
0,0,0.00110503630141599,0,0,0,0,0,0,0.000583146957221066,0,0,0,0.000771974784795764,0,0,0.00320354532715017,0.00553638339720813,0.0328630377903502,0,0,0,0.0141925528799525,0,0.00490201949493786,0,0.00568969808533056,0.00104151829723669,0.00459750170576393,0.000393786091599967,0,0,0.00507791786692717,0.00560622758161817,0,0.0051240692547444,0,0.0101271505462409,0,0,0,0,0.01106705988801,0.0334526438639911,0,0.000826625331948703,0,0,0,0.00578347134879774,0.035559763734914,0,0.00904238959483219,0,0.00334549633821208,0,0,0.012930059927632,0.0125609820635769,0,0,0.0271532346085256,0,0.0208285367567633,0.0372490292485929,0.0301626652713796,0.0275833077032297,0.0313443385890624,0.00383852033036709,0.0103664913351191,0.035865881089243,0.00835147485270827,0,0,0.0104197968929069,0,0.0263479086334147,0.0406311846529554,0.0185004968870938,0,0.0163147992979992,0,0,0,0.00020965995868047,0.0115137123159667,0,0,0.0242253038942844,0,0,0,0,0,0,0,0.00991958235830603,0,0,0.00397458909002807,0.000393585249381003,0,0,0.00513029541996794,0.0088813137804917,0.00658248125958262,0,0,0.00280752424046437,0,0
0.0342500642397993,0.0238555206340021,0.0310905626204162,0,0,0,0.0142059057159821,0.0205117068676897,0.00935962986428212,0,0.0342863180064164,0,0,0.00708169561193853,0.0020273219334887,0.00263081800602467,0.0257425478345708,0.0105901771955157,0,0,0.0392823863533616,0,0,0,0.0440737179075233,0,0.0120510144599509,0.0222758801984197,0.00922210963904138,0,0.0154622912891768,0.0295711968266151,0,0,0.0051240692547444,0,0.0143588090592729,0.0277306926394461,0.00606428438653536,0,0.00164718471763684,0.0296897013002217,0.0169061605276421,0,0.0115096324595471,0.00776672578690364,0,0.0153505047282106,0.0224897792120643,0.022498436692306,0.0108516366899721,0,0.0210437019357185,0,0.00626633437756974,0.014615524938671,0,0,0,0.019024753481669,0.0149559522781633,0,0.0023636159244409,0.00588947998246563,0,0,0,0,0.0025106670218851,0,0,0.00643983079266591,0.00422064514995371,0.0063786612122988,0.0184818403136726,0,0.00364030201913719,0,0.00247654477745737,0,0,0,0.00391550160485508,0.00190231784126431,0.00250445811881208,0.00223465118329047,0,0,0,0,0.0072768865964564,0,0,0,0.00539766785038466,0,0,0,0.00310248026373575,0.00382724354096847,0.0238454411715522,0.0129083597466951,0.0193537739097579,0,0.000514918502562709,0.0336804709106178,0,0.00892415412168781,0,0,0.033670784821456
0,0,0,0.00527297116229535,0,0,0,0,0,0.0111595243602649,0,0,0,0.0209760828660628,0.00623145734854585,0,0,0,0,0.014100233647705,0,0,0.0340151182565433,0.0103164028773781,0,0,0,0,0,0,0,0,0,0,0,0.0143588090592729,0,0,0,0.0292958613978245,0,0,0,0.0255639306283751,0,0,0.013516232365107,0,0,0,0,0,0,0,0,0,0,0,0,0,0,0,0,0,0,0,0.0783414278087712,0,0,0,0,0,0,0,0,0,0,0,0,0,0,0.0147254613967093,0,0,0,0,0,0,0.00270778601997673,0,0,0,0,0,0,0,0,0,0,0,0,0,0,0,0,0,0,0,0.011030307589335,0,0
0,0,0.0167990980129823,0.0102588951218394,0,0.0124562571416896,0.0248787590863793,0.00716702643486184,0,0.0236013979398311,0.000586518116036613,0,0,0.0314945523790261,0.0127850516245835,0,0,0,0,0.0108010196352918,0.00303143415810043,0,0.017554930426044,0,0.0124646244729991,0,0,0,0,0,0,0.0126328504191342,0,0,0.0101271505462409,0.0277306926394461,0,0,0,0,0.00758012213318396,0,0,0.00600591792052618,0.0022269863513763,0,0.000537091419919153,0,0.01523262304036,0.0155882241213617,0.00485438145468173,0,0.0168328119068772,0,0,0.0268182619781393,0,0,0,0,0.0281950409496719,0,0.00336477543116136,0,0,0,0.0366951026141058,0,0,0,0,0,0,0.0127636049408852,0.0290896319696731,0,0,0.00747185594864995,0,0,0,0.00807301965908919,0,0,0,0,0,0,0.00805821139393164,0,0,0,0,0,0,0,0,0,0.00566832656683948,0,0,0,0,0,0,0,0,0,0.0217507229961382,0,0.00835085715291788
0,0,0,0,0,0,0.0125167375957037,0,0,0,0.0055965005480614,0,0,0,0,0.00442495585237973,0.0027310106116715,0.00967478308723404,0,0,0.00504751501890295,0,0,0,0.0128253736640911,0,0,0,0.00830096522804402,0,0,0,0.00484697497660262,0,0,0.00606428438653536,0,0,0,0,0,0,0,0.0182667996954701,0.0129269421567251,0,0,0,0,0,0,0,0.0109369858164907,0,0,0.0269032466548835,0,0,0,0,0.0427720747452394,0,0,0,0.00493562313130384,0,0.00678987128831854,0,0,0,0,0,0,0,0.021614859652912,0,0,0,0.00122208127322393,0,0,0,0,0,0,0,0,0,0.00167210864393339,0,0,0,0,0,0,0,0,0,0.00649236671198058,0.0029321210619945,0,0,0,0,0.0229373642155906,0,0,0,0,0,0
0,0,0,0,0.00891976405244467,0.00311945826698315,0.00376564086868112,0,0.00103916935526814,0,0,0,0,0,0,0,0.000861668764056073,0,0.00351319152063484,0,0.000712502674957642,0,0.0470560701809213,0.00417105393162373,0,0.0115639108813288,0.00152019275795879,0,0,0,0.0111903032320192,0.03141514194546,0,0,0,0,0.0292958613978245,0,0,0,0,0.00583749217426749,0.00214680181029852,0.0309028096638607,0,0,0.0488885296051816,0,0,0,0.00488141766387972,0,0,0.0162860796495353,0,0,0,0.00865563509582794,0,0,0,0.028054372422647,0,0,0.00548886917553041,0.00563397415587737,0.0490203963527295,0.029289682804942,0,0.015028520933687,0.0105888795037758,0.00239010844900258,0,0,0,0,0,0.0110747225898019,0,0,0,0.00460578919685204,0,0.0117498450308113,0,0.00628583695986024,0,0,0.0163885737795688,0,0,0.0168800062670759,0.00153309733281489,0,0,0,0,0.00839718294094559,0,0,0,0,0,0,0,0.00603791214965657,0.00644199435579388,0,0.00544391248049429,0,0.00453054628046914
0,0,0,0,0.00353845066694175,0,0,0,0,0.00603701853671647,0,0,0,0.00986219194130609,0,0,0.000329111808453193,0.00448334290090191,0.0168243447141945,0,0.000809748053863787,0,0.0438136701512915,0,0.00467226796970136,0.0061597045355907,0.0106818462260623,0.000846269447081337,0.000581528798609583,0,0,0.00195716343495698,0.00145816434026715,0,0,0.00164718471763684,0,0.00758012213318396,0,0,0,0,0.0107600378067467,0.0237198739676927,0,0,0,0,0,0,0.012830602664797,0,0.00607022282178609,0,0.00226150026185449,0,0.00178880209613128,0,0.0154283635711628,0,0,0.00748452975167374,0,0.0167291324745168,0.0287252825780688,0.0228968640872255,0.0293467606240665,0.0283166994347705,0.00509221904403675,0,0.0150975216765218,0,0,0,0,0,0.012357717104629,0.0191485750450581,0.00649019800653952,0,0.025374080969438,0.0118802390835579,0,0,0.00706896997637074,0.0200589301637158,0,0.00157301194173168,0.0357503511452143,0,0,0,0.00470567192945779,0,0,0,0.00883231133392927,0,0,0.00412509951262773,0.00151740650049525,0,0,0.00849240260501568,0.0108830550287043,0.00732404012159762,0,0,0.0145711436992592,0.00547176965676795,0
0.0017547870906881,0,0,0.00227051338431572,0,0.00190917782087322,0.0139531517752674,0,0,0.0294815144793216,0,0,0,0.0338617654615746,0.0308665611847901,0,0,0,0,0.0241625594893376,0,0,0.026419544144829,0.0088658448690926,0,0,0,0,0,0,0,0.00915397406414837,0,0,0,0.0296897013002217,0,0,0,0.00583749217426749,0,0,0,0.0120570501293911,0,0,0.00607417690166854,0,0,0,0,0,0,0,0,0,0,0,0,0,0,0,0,0,0,0,0.0677330917958777,0,0,0,0,0,0,0,0,0,0,0.00239887316383932,0,0,0,0.012263902270056,0,0,0,0,0,0,0.00726706140129174,0,0,0,0,0,0,0,0,0,0,0,0,0,0,0,0,0,0,0,0.0156345853746788,0,0.00428933065557533
0.000246041076123092,0.00846237415895742,0.0401985241132335,0.00196110509048763,0,0.00757557525345048,0.0234660496110951,0.0197685592451394,0.00726835362610899,0.0239355685646662,0.0202055701307826,0,0,0.0317657853719651,0.0160288307794764,0,0.00200684411942481,0,0,0.0140540955317529,0,0,0.0177456559688696,0.0017399266916993,0.0190122046228551,0,0,0.00782783552124845,0,0,0,0.00553860206583521,0,0,0.01106705988801,0.0169061605276421,0,0,0,0.00214680181029852,0.0107600378067467,0,0,0.00507144420976325,0.0124323544243971,0,0.000999253533529752,0,0.00475774203818941,0.00946133185978213,0,0,0.0068861286718109,0,0,0.0179108704382625,0,0,0,0,0.0272660574175544,0,0.01760535556695,0.00374533178129941,0,0,0.0403015091150635,0,0.00206851230861136,0,0,0,0.00534464744102802,0.0168172156911713,0.0291137159763668,0,0,0,0,0,0,0.0236081802056116,0.00912517649926558,0,0,0,0,0,0.00174463641385546,0,0.00692738259792358,0,0,0,0,0,0,0,0,0,0.0179207703197651,0,0.00196978982218941,0,0,0,0,0.00402703545530084,0.0166739109040371,0.00678502653061504,0
0.0161851477203895,0.000233827659755057,0.0149809307491172,0.0181663414715352,0.00140687614882523,0.0418904598279598,0.052470816656159,0.0023346126881112,0.00610410068200983,0,0.0128865441870749,0,0.000853419622543311,0.00560056611011508,0,0,0.0241053409826962,0,0.0350018696339491,0,0.010615492784287,0.00115522330582904,0.0203794122455581,0,0.0171485343852601,0,0.00823198384912084,0.00964891348712294,0,0.0130534478132098,0.0163962684847795,0.0531006524645991,0,0.0143635703735341,0.0334526438639911,0,0.0255639306283751,0.00600591792052618,0.0182667996954701,0.0309028096638607,0.0237198739676927,0.0120570501293911,0.00507144420976325,0,0.0115165501751523,0.0130900404102985,0.0278067861822392,0.003391071444394,0.0291564298422848,0.0254120250257842,0.0180252186079685,0,0.00441985293055997,0.0185310674975452,0.00214192203747687,0.0313096472704042,0,0.0174147190083364,0,0,0.0326527847065238,0.00426096573723882,0.0116554403225103,0.00969897755600535,0.00714831528396517,0.0171136953155739,0.00629694497672228,0.00469708515748172,0.0088669403917215,0.00884515687862509,0.000343286254096706,0.00958669805723013,0.00372733378350649,0.0228734242389801,0.0118061275057456,0,0,0.0151731288127103,0.00407141492290637,0,0.00997681185964774,0.0137325014822062,0.00681780368260627,0.0105854881227216,0,0.0247750124662101,0.0137313008975223,0.00265359937750291,0.00277842065499806,0,0.0107951245418642,0.0373413380767941,0,0,0.0200093426689825,0,0.00119844003907686,0.02490632394615,0.0250053557882703,0,0.00105086965832292,0,0.00406839262373204,0.000606593817717595,0.0116698674036652,0.0150735789688894,0.00143471840023656,0,0.0229013689931593,0,0.0158691746976852
0,0,0,0,0,0.00355077424741619,0.00286840818780247,0.00472954840235051,0,0.00818181367753111,0,0,0,0.00971047384367361,0,0.00624454623124956,0,0.00539044396798638,0,0,0,0,0.00152121672321296,0,0,0,0,0,0.00950793027524417,0,0,0,0.0010864787904436,0,0,0.0115096324595471,0,0.0022269863513763,0.0129269421567251,0,0,0,0.0124323544243971,0.0115165501751523,0,0,0,0,0,0,0,0,0.00819548858703878,0,0.0369138973236879,0,0,0,0.045232812820192,0,0.0202322208571005,0,0.00554176631405319,0.00441193849654403,0,0,0.0213264275772744,0,0.035853834364452,0,0,0,0,0.000662788625169239,0.0177588044977549,0,0.0200109473721564,0,0.0214859718617048,0,0.0144017266961781,0.00343241800658555,0,0,0.00525482099204414,0,0.0134663282075423,0.00742773010658812,0.00974775177489073,0,0,0,0.00456959761997292,0,0,0,0.0162245794901994,0,0,0.0238291127455254,0.00118652449615831,0,0,0.0154445680909552,0.00122544113781611,0,0,0,0.0112329403825547,0,0
0,0,0,0,0,0.00144317587527088,0.00554783981458883,0,0,0,0,0,0,1.12188347284233e-05,0,0.00138145373843762,0,0,0,0,0,0,0,0,0.00147284917236483,0,0,0,0.0114054937544576,0,0,0,0.00439066012213735,0,0.000826625331948703,0.00776672578690364,0,0,0,0,0,0,0,0.0130900404102985,0,0,0,0,0,0,0,0,0.00824561277971002,0,0,0.0210014704104251,0,0,0,0,0.0390675074732889,0,0,0,0,0,0.014206641742775,0,0,0,0,0,0,0.000223687111691712,0.0311626120876299,0,0.00713478348036974,0,0.00423839790789906,0,0,0,0,0,0,0,0,0,0.00473210776606033,0,0,0,0,0,0,0,0,0,0.0051424668666291,0.00639489275617812,0,0,0,0,0,0,0,0,0.00311767893379894,0,0
0.00141951513406079,0,0,0.00635654429490642,0.00465331317345902,0,0,0,0.00459886057694206,0,0,0,0,0,0.00537473202428252,0,0,0,0.00910277697527534,0.00652938784047311,0.00623889772585894,0.00613264086748027,0.00151754280482426,0.0125774578007723,0,0.0124190882599009,0,0,0,0,0.0121579091127577,0.021288222822746,0,0,0,0,0.013516232365107,0.000537091419919153,0,0.0488885296051816,0,0.00607417690166854,0.000999253533529752,0.0278067861822392,0,0,0,0,0,0,0,0,0,0,0,0.0011190481247474,0,0,0,0,0,0,0,0,0,0,0.0162535753893747,0,0,0,0,0,0,0.00515961899857669,0.00525555877370421,0,0,0.000602965820650954,0,0,0,0.0178192848656309,0.00275686019676159,0,0,0.00123988406079652,0,0.000765604779765765,0,0,0.00229061033302041,0,0,0,0,0,0,0,0.0110035696342716,0,0,0,0.00841658652639178,0.00102492636571062,0,0,0.00527435798983467,0,0,0.0042801465794665,0
0,0,0,0,0,0.0015044535841525,0.0097450698650312,0,0,0,0,0,0,0,0,0,0,0,0,0,0,0,0,0,0,0,0,0,0,0.00801058748409445,0.0016981202121147,0.0176406293544761,0.00631591193876319,0,0,0.0153505047282106,0,0,0,0,0,0,0,0.003391071444394,0,0,0,0,0.0270063979660249,0,0,0,0,0,0,0.0265013394700098,0,0,0,0,0.0122670174178195,0,0,0,0,0,0.00473124359957794,0,0,0,0,0,0,0.000843529735334084,0.0184164291351601,0,0,0,0,0,0,0,0,0,0,0,0,0,0.00457252903819859,0,0,0,0,0,0,0,0,0,0.0235661587105893,0,0,0,0.00566596084585026,0,0,0,0,0,0,0,0.0132191505467371
0,0,0,0,0,0.0043467350529998,0.00138173617416442,0,0,0,0,0.00950907137848474,0,0,0,0,0,0,0.00933416177568168,0,0.00305947354227046,0,0,0,0,0,0,0,0.0160602542182005,0.0097381380990228,0.00605807031856935,0.0118348456400029,0.0260416132463491,0.0188583735448456,0,0.0224897792120643,0,0.01523262304036,0,0,0,0,0.00475774203818941,0.0291564298422848,0,0,0,0.0270063979660249,0,0,0,0,0.00209153133131109,0,0,0.0117173254420614,0,0,0,0.00610036767421704,0,0,0,0,0,0,0.0176816267008161,0,0,0,0,0,0,0,0,0,0.0124448890308652,0.00283934268273589,0,0,0,0,0,0,0,0,0,0,0.00308627900451608,0,0,0,0,0,0,0,0,0,0.0167617887187726,0,0,0,0.00335544957548361,0,0,0.0104308297644997,0.000249413722744178,0,0.000177434977728808,0,0.0200841140835374
0,0,0,0.00263005758461401,0,0.00678965967323363,0.00722430927591809,0,0,0.0054331006270082,0,0.0044450705325176,0,0.00535992058858311,0,0,0,0,0.00736242267346107,0,0,0,0.00316643482461594,0,0,0,0,0,0.0141048539487836,0.00692960063899135,0,0.0019099995206016,0.0129882664759735,0.00240268216948933,0.00578347134879774,0.022498436692306,0,0.0155882241213617,0,0,0,0,0.00946133185978213,0.0254120250257842,0,0,0,0,0,0,0.027459150652837,0,0.000636791995451597,0,0,0.010084211087865,0,0,0.000313858888261448,0.00135845857171148,0.0146226132152481,0.00196274483697164,0,0,0.000357684898920951,0,0.0328550080344062,0.00650942630493642,0,0,0.0172185481368309,0,0,0.0234211031798757,0.0468401053314602,0,0.0231375267115684,0.0181758465037848,0.00142461977079912,0,0,0,0,0,0,0,0,0,0.0223910140420813,0,0,0,0,0,0,0,0,0,0.0074285129018977,0,0,0,0.000239887376290317,0,0,0.00425195307650015,0,0,0.00800613922052926,0,0.00448160064878258
0.000481744346670537,0,0.0153073306726012,0.00448173134600358,0,0.00644567323248327,0.014384314693187,0.0206119892786316,0,0.00465704252964495,0.00529225858361026,0,0,0.0135066081976296,0,0.000142314162226469,0,0,0,0,0,2.11093033975398e-05,0.0140735266720922,0,0.0018234336329387,0,0,0.00650407527307202,0.00573420703107717,0,0,0,0.00430340297041502,0,0.035559763734914,0.0108516366899721,0,0.00485438145468173,0,0.00488141766387972,0.012830602664797,0,0,0.0180252186079685,0,0,0,0,0,0.027459150652837,0,0,0.00380046489956117,0,0,0,0.00196813746358307,0,0,0.0100123419809913,0.0102961270441904,0,0,0,0,0,0.0270238096751429,0.00688808076120921,0,0,0,0.0346154087968628,0,0.0138523899589422,0.0602043725183321,0,0.00121366042530577,0.00715019188693931,0,0,0,0.0295846641626341,0.000792252616163091,0,0,0,0,0,0.0499899979450989,0,0,0,0,0,0,0,0,0,0.00236342837471736,0,0.00249798292889145,0,0.0118387033457681,0,0.00132780985729495,0.000261647592069199,0,0.00563761363342682,0.0158261744495204,0,0.00272881192262426
0,0,0,0,0,0,0,0,0,0,0,0.00121680674052432,0,0,0,0.00114630395799767,0,0,0,0,0,0,0,0,0,0,0,0,0,0.00854442797472181,0,0.00415275268015288,0,0.00177220861868997,0,0,0,0,0,0,0,0,0,0,0,0,0,0,0,0,0,0,0,0,0,0,0.0116267950634903,0,0,0.0114566361999516,0,0,0,0,0,0,0,0.013957202539509,0,0,0,0,0,0,0.00509561389980124,0,0,0,0,0,0,0,0,0,0,0,0,0,0.0850843752369933,0,0,0,0,0,0.00359431745034209,0.0403979800409727,0,0,0.00655784655734222,0,0,0,0,0,0,0,0,0,0,0,0.000958588194996665
0,0.000902832206869801,0.00742572642023638,0.00565117767002198,0,0.0135618414082944,0.0127717850425919,0.0252749049369826,0,0.0210217740701624,0,0,0,0.024684158680737,0.00552230187993223,0,0,0,0.0146125069206179,0.00405046142129858,0,0,0.010759421808354,0,0,0,0,0,0.007769276042676,0,0,0.00577608912571202,0,0,0.00904238959483219,0.0210437019357185,0,0.0168328119068772,0.0109369858164907,0,0.00607022282178609,0,0.0068861286718109,0.00441985293055997,0.00819548858703878,0.00824561277971002,0,0,0.00209153133131109,0.000636791995451597,0.00380046489956117,0,0,0,0.00910019703566392,0.0215329147558168,0,0,0.00716854736803052,0,0.0264730390640958,0,0.0100086488540998,0.0019773104735696,0,0,0.0266642741914117,0,0.00458452949064862,0,0,0,0.00953996044452819,0.0197032093395421,0.0302423132183957,0,0.0158478465106387,0.010312989990293,0.00606319575641735,0.00023434199754546,0,0.00534863595363919,0.0251472779514903,0,0,0,0,0,0.00216794624700337,0,0.00475763699305478,0,0,0,0,0,0.00044926024060264,0,0,0.00565477904340915,0,0,0.00990604449888551,0.00498695192543933,0,0,0,0,0.0197414178579837,0.00449767559889018,0
0,0,0,0,0,0.00615786180869602,0,0,0,0,0,0,0,0,0,0,0,0,0,0,0,0,0,0,0,0,0,0,0,0.0355499582738456,0,0,0,0,0,0,0,0,0,0.0162860796495353,0,0,0,0.0185310674975452,0,0,0,0,0,0,0,0,0,0,0,0,0,0.00711613408538562,0,0,0,0.00229332510085611,0,0,0,0,0,0.00793695374295216,0,0.0107814010614149,0,0,0,0,0,0,0,0,0,0,0,0.0608880475911759,0,0,0,0,0,0,0.0674195345576725,0,0,0,0,0,0,0,0,0,0,0,0,0,0,0,0,0,0.00942492709097497,0,0,0,0
0,0,0.0106644809419925,0,0,0,0.0141975223794927,0.000516740315706264,0,0,0.012444510097635,0,0,0.00482743887015728,0,0.0142595689744049,0,0.00897052468012867,0,0,0,0,0,0,0.0152715668385133,0,0,0.00339531241668018,0.0031655642963028,0,0,0,0,0,0.00334549633821208,0.00626633437756974,0,0,0,0,0.00226150026185449,0,0,0.00214192203747687,0.0369138973236879,0,0,0,0,0,0,0,0.00910019703566392,0,0,0.0111867253004418,0,0,0,0,0.0334577939491751,0,0.00190843383024308,0,0.000451289998484544,0,0.0138868691806503,0,0,0,0,0,0,0,0.0290194874461762,0,0.00290171624802821,0,0,0,0,0.00870247737461027,0,0,0,0,0,0,0.00321233269073533,0,0.000126367649102531,0,0.00111443978303194,0,0,0,0,0,0.00279734045352171,0.00704021023024992,1.94590288769836e-06,0,0,0,0.00585018531447536,0,0,0,0,0,0
0.000255486717548597,0.0159049381132759,0.0104809152630487,0,0,3.83469926159956e-05,0,0.0171511513348241,0,0.000954426299750608,0.00371631599849226,0.0218093138459344,0,0,0,0.0239324852330567,0,0.0140189548425406,0.0367083754783046,0,0.00515428827206655,0,0,0,0.0131717755668745,0,0,0.0164535964403381,0.0389228433733626,0,0.00440159451718439,0.0175989078786943,0.0322041261217199,0.0417128635329233,0,0.014615524938671,0,0.0268182619781393,0.0269032466548835,0,0,0,0.0179108704382625,0.0313096472704042,0,0.0210014704104251,0.0011190481247474,0.0265013394700098,0.0117173254420614,0.010084211087865,0,0,0.0215329147558168,0,0.0111867253004418,0,0,0,0.0166859160486181,0.0263050851999412,0,0,0,0,0,0,0.00485365491528199,0,0.00959530589728558,0,0,0,0.00887396251557148,0.0269350226493299,0.0205214465133789,0.0102797197866319,0.0126194485347688,0,0.0112667061755723,0.00434205394301313,0,0,0.0214391945585699,0,0.020291384436378,0,0.0185015706264838,0.012086522696168,0.00288075400752752,0.00284306473537704,0.0126092099883361,0,0.00455142018230044,0.0222194803780725,0.00774482151558994,0.0153635799061149,0.0101499599994831,0,0.0130666309754973,0.0336761564933964,0.0179538060717496,0.0161662680266857,0.0104946400967465,0.00940108789868287,0.00945728213545727,0.0155516226249486,0.00188606745273798,0,0,0.00336626847716135,0.0194886812427434
0,0,0,0,0,0,0.0233407892617092,0,0,0,0,0,0,0,0,0,0.00810285701625452,0,0,0,0,0,0,0,0,0,0,0,0,0.0411678537306515,0,0,0,0,0,0,0,0,0,0,0.00178880209613128,0,0,0,0,0,0,0,0,0,0.00196813746358307,0.0116267950634903,0,0,0,0,0,0.0310092174719894,0,0,0,0.0265577333410539,0,0,0.00317030548678461,0.0284649022740801,0,0.0707253895311831,0,0.0462844405391973,0.00035797991929709,0,0,0,0,0,0,0.0330153008686948,0,0,0,0.00321577308568498,0,0,0,0.00343734766559709,0,0,0.0724547181321675,0,0,0.0135839522827557,0.00266950137856557,0,0,0.0466032817439493,0,0,0.00562062897808512,0,0,0,0,0,0,0,0,0,0,0,0
0,0,0,0.00046721458074356,0,0,0,0,0,0.0127935191741758,0,0.00245727973444795,0,0.0261161303248709,0,0,0,0,0.00876188416502213,0.00255336935749995,0,0.0268749526684525,0.0545676999883225,0,0,0,0,0,0,0,0,0,0,0,0.012930059927632,0,0,0,0,0.00865563509582794,0,0,0,0.0174147190083364,0,0,0,0,0,0,0,0,0,0.00711613408538562,0,0,0.0310092174719894,0,0,0.00258319667397178,0,0.033780420352695,0,0,0,0.00211877208507275,0.0271739757665134,0.102538370652309,0,0.00845793426115505,0,0.00125249097363089,0,0.00528164332732559,0.0291665963794535,0,0,0.0813320328214282,0,0,0,0.0691834224250331,0,0,0,0,0,0,0.153374851099484,0,0,0.0190057319614547,0,0,0,0,0,0,0,0,0,0,0.00812686702592077,0,0.0103929950894768,0,0,0.0161080471531731,0.031528318795942,0,0
0,0,0.0193840825445926,0,0,0,0.0235458846954703,0,0,0.00381397756807244,0.021829161938942,0,0,0.00828973876578763,0,0.00497859561163006,0.004212981638885,0.00880107928902139,0,0,0,0,0,0,0.0193728796851045,0,0.00492919124643908,0.00598347389141033,0,0,0,0,0,0,0.0125609820635769,0,0,0,0,0,0.0154283635711628,0,0,0,0.045232812820192,0,0,0,0,0.000313858888261448,0,0,0.00716854736803052,0,0,0.0166859160486181,0,0,0,0,0.0460316866933815,0,0.0134521641999829,0.0301554849185735,0.00195044481911982,0,0.0158870514019602,0,0.0175321144190305,0,0,0,0.0330266663798415,0.000729511478037256,0.0236981416116452,0,0,0,0,0,0,0.0124951175446057,0,0,0,0,0,0,0.000906086245315418,0,0.0117199371316196,0,0.00107503841687465,0,0,0,0,0,0.00475612847604844,0.00458038296915302,0.00150364009523068,0,0,0,0,0,0,0,0,0,0
0,0,0,0,0,0,0,0,0.00744036102639719,0.0111135046095943,0,0,0,0.00791264987939689,0.0206199229855095,0,0,0,0,0.00939927252107368,0,0,0,0,0.00341652943945177,0,0,0,0,0.00231556495213891,0,0,0,0,0,0.019024753481669,0,0,0,0,0,0,0,0,0,0,0,0,0.00610036767421704,0.00135845857171148,0.0100123419809913,0.0114566361999516,0,0,0,0.0263050851999412,0,0.00258319667397178,0,0,0.0134789464601865,0.00867204089526337,0.0158526653542689,0,0,0,0.0376470924917521,0.00383033342400668,0,0,0.0361116668273883,0.0115497041801619,0,0.0312154836519526,0.0569088508859977,0,0.0386841176861301,0.012568038703082,0.00444595173452073,0.00109573679635273,0,0,0.000639805244912532,0,0.0109807943310747,0,0,0,0,0,0,0,0,0,0,0,0,0,0,0,0,0.00100473317296487,0.016766882059125,0,0,0,0,0,0,0.00844884523360581,0
0,0.0144229223436675,0.0153413454926761,0,0,0,0,0.0137445499569378,0,0,0.00765775057288504,0.0122884842433064,0,0,0,0.0207887178607763,0.000568998797867891,0.0259835451469264,0.0291564495791779,0,0.00545727914799343,0,0.00248535764577131,0,0.0194359761636151,0,0.00707143070173899,0.0143245383031706,0.0347734889726772,7.00649795241087e-06,0,0.0115530254665103,0.0268979377616345,0.0209700432350412,0,0.0149559522781633,0,0.0281950409496719,0.0427720747452394,0,0,0,0.0272660574175544,0.0326527847065238,0.0202322208571005,0.0390675074732889,0,0.0122670174178195,0,0.0146226132152481,0.0102961270441904,0,0.0264730390640958,0,0.0334577939491751,0,0,0,0.0460316866933815,0.0134789464601865,0,0,0,0.0248529864000952,0.0188553811884364,0,0.0202722116558283,0,0.0316547977471487,0,0.0100997390287855,0,0.0198345981727169,0.00771981915739022,0,0.000622955751931446,0.0314848803441383,0,0.0370385318888026,0.00149794661821428,0.0261889484649641,0,0.0151550987068979,0,0.0273328724084226,0.00590807503525366,0.0337979830325137,0.0191561033532724,0,0.00372589122175322,0.0242059580204841,0,0.00237274763611963,0.0192800514187046,0,0,0.0231403412305275,0,0.0111252954157763,0.0368125682288405,0.0226415137723902,0.0134332321503799,0,0.0173394048716375,0.020611633806852,0.0160054468891877,0,0,0.000111482480624927,0.0122064530268369,0.0134680341411961
0,0,0.000462784395955827,0,0,0,0,0.00643656399284154,0,0.00558887150495051,0,0,0,0.0284785600280115,0,0,0.000397848384496552,0,0,0,0,0.042811796613158,0.0391381788513332,0.00311101096187288,0,0,0,0,0,0,0,0,0,0,0.0271532346085256,0,0,0,0,0.028054372422647,0.00748452975167374,0,0,0.00426096573723882,0,0,0,0,0,0.00196274483697164,0,0,0,0.00229332510085611,0,0,0.0265577333410539,0.033780420352695,0,0.00867204089526337,0,0,0,0,0,0,0.0118581107579206,0.00271028552214114,0,0.00377873319411193,0,0.0357249115072031,0,0,0.0273737398529405,0,0,0,0,0,0,0.115303117204734,0,0,0,0,0,0,0.126407418403522,0,0.000602880613167445,0,0,0,0,0,0,0.00992230791959199,0,0,0,0,0,0,0.0123572897589473,0,0,0.0299615125944884,0.0279565720293854,0,0
0,0.0042759768652521,0.00636737429049025,0,0,0,0,0,0,0,0.0125039438696824,0,0,0,0,0.0206894163289134,0.014150231544618,0.0136185412218028,0,0,0.00219045988562919,0,0,0,0.0107313920811047,0,0.0158060420715171,0.0114907554583122,0.0118093037983994,0,0.000216493223374169,0.0193141653231752,0.00844825800849539,0,0,0.0023636159244409,0,0.00336477543116136,0,0,0,0,0.01760535556695,0.0116554403225103,0.00554176631405319,0,0,0,0,0,0,0,0.0100086488540998,0,0.00190843383024308,0,0,0,0.0134521641999829,0.0158526653542689,0,0,0,0.00290064482321898,0.00615525497191886,0,0.0134137910839553,0,0.00767098858015776,0,0.00401723405469526,0,0.00691028220569347,0,0,0.0114361126779742,0.0223550610904723,0,0.0189213824384615,0,0.00789197554500632,0,0.00339025362387062,0,0.0160590482975875,0.000974273136208956,0,0.0144431879350646,0,0.00718974946384234,0.0201241326030475,0,0.000129455559313459,0.0194608490905701,0.0116006189580857,0.00593852506023981,0.0149459584505224,0,0.0191113745959565,0.0250076765163599,0.0130481947521033,0.00727169417780749,0,0.00698788557982895,0.0130414325781906,0.00346854004860862,0,0,0,0.00670203221912987,0.0106552879922168
0,0,0.00658860016353117,0,0,0.00626691440511762,0.0239262265230754,0,0,0.00914415585937302,0.00712270232122218,0,0,0.0158311088648092,0,0.0122658866459952,0,0.000404406858784593,0,0,0,0,0.0123787133383665,0,0.00702820905669084,0,0,0.00536904395622568,0,0,0,0,0,0,0.0208285367567633,0.00588947998246563,0,0,0,0,0.0167291324745168,0,0.00374533178129941,0.00969897755600535,0.00441193849654403,0,0,0,0,0,0,0,0.0019773104735696,0,0,0,0,0,0.0301554849185735,0,0.0248529864000952,0,0.00290064482321898,0,0,0,0.0293190845088123,0,0.0011197217665654,0,0,0,0,0,0.0220486653891595,0,0.00435434859559576,0,0,0,0,0.0297634430462462,0,0,0,0,0,0,0.0176818216588518,0,0,0,0.00608346008925568,0,0,0,0,0,0.00376825176979675,0.00675551832779221,0.00312090087534307,0,0,0,0.00886925135760713,0,0,0,0.0107056944040574,0,0
0,0,0.00650359544840773,0.00639411407704335,0,0.0174352480738966,0.0151625338163532,0.0100501998860977,0,0.0259818095612055,0,0,0,0.0313891767661677,0.000452453397761209,0,0,0,0.00434000893548513,0.00741583704620001,0,0.00654546282920513,0.0291827901530128,0,0,0,0,0,0,0,0,0,0,0,0.0372490292485929,0,0,0,0.00493562313130384,0.00548886917553041,0.0287252825780688,0,0,0.00714831528396517,0,0,0,0,0,0.000357684898920951,0,0,0,0,0.000451289998484544,0,0.00317030548678461,0,0.00195044481911982,0,0.0188553811884364,0,0.00615525497191886,0,0,0,0.0232773420383083,0,0.00642226434323153,0,0,0.023168118054953,0,0.0123566444218028,0.0379280540858697,0,0,0.0119073497855827,0,0,0,0.0381797020245973,0.0118696959921462,0,0,0,0,0,0.0385715177807285,0,0,0,0,0,0,0,0,0,0,0,0,0,0.00603034517743275,0,0.0103089759778299,0,0,0.0105843616825468,0.0317191207044443,0,0
0,0,0,0,0,0.00994716107251888,0.0142942362318728,0,0,0.0143346611831615,0,0,0,0.0254555926320708,0,0,0,0,0.00713044539475627,0,0,0,0.0333262902187315,0,0,0,0,0,0,0,0,0,0,0,0.0301626652713796,0,0,0,0,0.00563397415587737,0.0228968640872255,0,0,0.0171136953155739,0,0,0,0,0,0,0,0,0,0,0,0,0.0284649022740801,0.00211877208507275,0,0,0,0,0,0,0,0,0.0229753636482009,0.02421666361091,0,0,0,0.00101596421586855,0,0,0.0157197712527508,0,0,0.0180324861546278,0,0,0.000378715897530165,0.0569288576036109,0,0,0,0,0,0,0.0774722293231463,0,0,0,4.1768822104344e-05,0,0,0,0,0,0,0,0,0,0,0,0.0139954089887383,0,0,0.00163428211424248,0.0310102795720556,0,0
0.0724127109354018,0.0481741014457172,0.0534898848317655,0.0273639038161538,0.0170594345219694,0.0101712019174963,0.0252490492649898,0.0408713656531657,0.0430708229866839,0.00207797860585027,0.0489429864214416,0,0,0.0175045719940367,0.0241893273858942,0.0212501182841884,0.029796374624677,0.013224199048201,0.00416544386999338,0.0269614783892519,0.017173795257064,0.0488542334734339,0.0205295211799467,0.035100758864822,0.0374443396233858,0,0.035822396087551,0.0352949022786376,0.00515213576039355,0.00083180936542166,0.0839198437297035,0.0842980540287285,0.00159317388413129,0,0.0275833077032297,0,0.0783414278087712,0.0366951026141058,0.00678987128831854,0.0490203963527295,0.0293467606240665,0.0677330917958777,0.0403015091150635,0.00629694497672228,0.0213264275772744,0.014206641742775,0.0162535753893747,0.00473124359957794,0.0176816267008161,0.0328550080344062,0.0270238096751429,0,0.0266642741914117,0,0.0138868691806503,0.00485365491528199,0,0.0271739757665134,0.0158870514019602,0.0376470924917521,0.0202722116558283,0.0118581107579206,0.0134137910839553,0.0293190845088123,0.0232773420383083,0.0229753636482009,0,0,0.0230577312962996,0.0119724357185404,0.0407125879211931,0.045744493941124,0.0182750594551255,0.0110696370114009,0.0253481013104452,0.011925968532293,0.0387036373953982,0.00827652652176507,0.0211440986860474,0.00226859327048448,0.0132573316572486,0.0555674762348286,0.0239037417794946,0,0.0249978339442558,0.0126837442907485,0,0.0033505034608047,0,0.0190808846860891,0.0309276240697591,0,0,0.00699451118331637,0.0143373931132703,0,0.014533908859363,0,0,0.017773072082905,0.0363552370113531,0.0421739125248374,0.0386236839831625,0.00625322649742151,0.00501178736841066,0.0547072255993057,0,0.0204065072828288,0.0140285113375701,0.0186250553049267,0.0493845639345899
0,0,0,0.00578188344363946,0,0.0147872349703336,0.0103209202097725,0.00598805193210217,0,0.0201712295483763,0,0,0.00457676941203954,0.0391320202255926,0,0,0,0,0.00166354241675128,0.00670197341989584,0,0.0531648085889543,0.0332605192503232,0.008533210080028,0,0.00439613323626493,0,0,0,0.0192845204577427,0,0,0,0,0.0313443385890624,0,0,0,0,0.029289682804942,0.0283166994347705,0,0,0.00469708515748172,0,0,0,0,0,0.00650942630493642,0.00688808076120921,0.013957202539509,0,0.00793695374295216,0,0,0.0707253895311831,0.102538370652309,0,0.00383033342400668,0,0.00271028552214114,0,0,0,0.02421666361091,0,0,0,0.0771928131360461,0.021795276758458,0.057043790454417,0,0,0.0079074389077051,0,0,0.0101843990417989,0,0,0,0.137451362659271,0,0,0,0,0,0,0.17056964560144,0,0,0,0,0,0,0,0,0.00359844457391915,0,0,0.000830883296718965,0,0,0,0.0174582909225837,0,0,0.0411319113197998,0.0373954874021312,0,0
0,0,0,0,0,0.000768489442283716,0.0116495366007908,0,0,0.0103686484295876,0,0,0,0.0128269605893185,0,0,0,0,0,0,0,0,0,0,0.00253078096067099,0,0,0,0,0,0,0,0,0,0.00383852033036709,0.0025106670218851,0,0,0,0,0.00509221904403675,0,0.00206851230861136,0.0088669403917215,0.035853834364452,0,0,0,0,0,0,0,0.00458452949064862,0,0,0.00959530589728558,0,0,0.0175321144190305,0,0.0316547977471487,0,0.00767098858015776,0.0011197217665654,0.00642226434323153,0,0.0230577312962996,0,0,0,0,0,0,0,0.0249480351728741,0,0.0121241504790238,0.00051719493381806,0.0285106138697068,0,0,0.00515812858059771,0,0,0.00252464470925167,0,0,0,0.00504173821141093,0,0.00155033315137871,0,0,0,0,0,0,0,0,0.00457077155855601,0,0,0,0,0,0,0,0,0.00907371172205466,0,0
0,0,0,0.00671574863415157,0,0,0,0,0,0.00678047953102509,0,0,0,0.0171128930085359,0,0,0,0,0,0.000697711485469868,0,0.0513490033808996,0.0536273586909441,0.00495867749274774,0,0,0,0,0,0,0,0,0,0,0.0103664913351191,0,0,0,0,0.015028520933687,0,0,0,0.00884515687862509,0,0,0,0,0,0,0,0,0,0.0107814010614149,0,0,0.0462844405391973,0.00845793426115505,0,0,0,0.00377873319411193,0,0,0,0,0.0119724357185404,0.0771928131360461,0,0,0,0.0038702932264809,0,0,0.0192650808268365,0,0,0.00674938994091035,0,0,0,0.10937767525279,0,0,0,0,0,0,0.191966583617166,0,0,0.0161400856058849,0,0,0,0,0,0,0,0,0,0,0.000620789032306516,0,0.00950550786449941,0,0,0.0217048718654172,0.0258762710925558,0,0
0.00829618069897422,0.00739564219989232,0.0429944408665089,0.00856110004385496,0,0.00264030382279657,0.0128169908891156,0.0302443282458723,0,0.0112131297986149,0.026597904129329,0,0,0.0238674280108906,0,0.0106990500027016,0,0,0,0.00541852161238414,0.00156956520907092,0.0226479772516776,0.0272875112495904,0.00212830154462111,0.0131416116922722,0,0,0.024700169691974,0,0,0,0,0,0,0.035865881089243,0,0,0,0,0.0105888795037758,0.0150975216765218,0,0,0.000343286254096706,0,0,0,0,0,0.0172185481368309,0,0,0,0,0,0,0.00035797991929709,0,0,0.0361116668273883,0.0100997390287855,0,0.00401723405469526,0,0,0,0.0407125879211931,0.021795276758458,0,0,0,0.0888945624177331,0,0.0119959930517891,0.068485300677212,0,0,0.0039085535913819,0,0,0,0.0613814643420323,0.00894385770515747,0,0,0,0,0,0.0824203746473381,0,0.00109945241601411,0,0,0,0,0,0,0,0,0,0.0135598212769411,0.00605123061830124,0.0248992556386742,0,0.0055589730862184,0,0,0.0268886929633906,0.0175822544983223,0,0.00213182505079647
0,0,0.002216144343573,0,0,0,0,0,0,0.0119138063508552,0,0,0,0.020345164356806,0,0,0,0,0,0,0,0.00773170458297307,0.0308415985504659,0,0,0,0,0.000563404897815472,0,0,0,0,0,0,0.00835147485270827,0.00643983079266591,0,0,0,0.00239010844900258,0,0,0,0.00958669805723013,0,0,0,0,0,0,0.0346154087968628,0,0,0,0,0,0,0.00125249097363089,0,0.0115497041801619,0,0.0357249115072031,0,0,0.023168118054953,0.00101596421586855,0.045744493941124,0.057043790454417,0,0.0038702932264809,0.0888945624177331,0,0,0.00265736410214652,0.0509644021886476,0,0.00927835178029071,0.061704715079891,0,0,0,0.0223646102565015,0,0,0,0,0,0,0.0858472715251359,0,0,0,0,0,0,0,0,0,0,0,0,0,0.011124593967312,0,0,0,0,0,0.0177402861111123,0,0
0,0,0,0,0,0,0.010931683631044,0,0,0.016493825536304,0,0,0,0.017489169085077,0,0,0,0.00981150175701257,0,0,0,0,0,0,0.00190689082465005,0,4.77275337017662e-05,0,0,0,0,0,0,0,0,0.00422064514995371,0,0,0,0,0,0,0.00534464744102802,0.00372733378350649,0,0,0,0,0,0,0,0,0.00953996044452819,0,0,0.00887396251557148,0,0,0.0330266663798415,0,0.0198345981727169,0,0.00691028220569347,0,0,0,0.0182750594551255,0,0,0,0,0,0,0,0,0,0.00663823261702854,0,0.00179870648439433,0,0,0.00384558500476416,0,0,0.0107480489834726,0,0,0,0,0,0,0,0.00310544650462647,0,0,0,0,0,0,0.00550919370427174,0,0,0,7.74137580687081e-05,0,0,0,0,0.0082087683388726,0.00701545559786753,0
0,0.0103958594197924,0.0102075234279389,0,0,0,0.00228907719920403,0.00232732626066802,0,0,0.0148658252231047,0.00143532018369025,0,0,0,0.0189315645092633,0,0.0085607403464999,0,0,0,0,0,0,0.0107910232993603,0,0.00359888573559898,0.00907021388998698,0.0213510806192062,0.00490794266018896,0,0.0143486641150838,0.012624328596266,0.00278009798990332,0,0.0063786612122988,0,0.0127636049408852,0,0,0,0,0.0168172156911713,0.0228734242389801,0.000662788625169239,0.000223687111691712,0.00515961899857669,0.000843529735334084,0,0.0234211031798757,0.0138523899589422,0,0.0197032093395421,0,0,0.0269350226493299,0,0.00528164332732559,0.000729511478037256,0.0312154836519526,0.00771981915739022,0,0,0,0.0123566444218028,0,0.0110696370114009,0,0,0,0.0119959930517891,0.00265736410214652,0,0,0.0179737495390445,0,0.0244779954846628,0.00220496971800262,0.0250187339691951,0,0,0,0.0161064663173507,0,0.0189987294732927,0,0,0.00415393651045942,0,0.0131616509824791,0.0146125556023298,0,0,0.0170986595831147,0.00176276338408507,0.00741186733430482,0.00528576396904274,0,0.00768053174641281,0.0187800724585014,0.00937968661310835,0.00963647542335266,0,0.00180975945389685,0,0.00485041576370689,0,0,0,0.00267984343836363,0.0116929044291134
0,0.0244190511129954,0.0270653554253602,0,0,0,0,0.0271857572600368,0,0.00971665379789495,0.019886577307152,9.24868086637533e-05,0,0,0.00149572184899593,0.0282351501612163,0,0.0238039703449232,0,0,0.00172831249608639,0,0,0,0.0158569190427965,0,0.0208264960375713,0.0105282143452508,0.0392490263706247,0.00812137667827477,0.00540577707230131,0.0115228275154589,0.018647660504173,0.0131741242766183,0.0104197968929069,0.0184818403136726,0,0.0290896319696731,0.021614859652912,0,0,0,0.0291137159763668,0.0118061275057456,0.0177588044977549,0.0311626120876299,0.00525555877370421,0.0184164291351601,0,0.0468401053314602,0.0602043725183321,0.00509561389980124,0.0302423132183957,0,0.0290194874461762,0.0205214465133789,0,0.0291665963794535,0.0236981416116452,0.0569088508859977,0,0.0273737398529405,0,0.0220486653891595,0.0379280540858697,0.0157197712527508,0.0253481013104452,0.0079074389077051,0.0249480351728741,0.0192650808268365,0.068485300677212,0.0509644021886476,0,0.0179737495390445,0,0,0.0630904284389248,0.0350191254684432,0.0705925154344123,0,0.010762664499535,0,0.0460287702755877,0,0.0444381541384763,0,0.017885335835779,0.0185770874777111,0,0.0343951141811711,0.0354777548230554,0,0,0.0147407395633703,0,0,0.0220703353435582,0,0,0.0310197875206473,0.0258569498806665,0.0244904955122397,0,0.0200532410885172,0,0.00980092771505022,0,0.0146271225194683,0,0.0204601570122996,0.0115379319753767
0,0,0,0,0,0,0,0,0,0.0172042855806649,0,0,0,0.011299912221967,0.000228773222861326,0,0.00177758751857008,0,0,0,0,0,0,0,0,0,0.00801015053605007,0,0,0,0,0,0,0,0,0,0,0,0,0,0,0,0,0,0,0,0,0,0,0,0,0,0,0,0,0.0102797197866319,0,0,0,0,0.000622955751931446,0,0.0114361126779742,0,0,0,0.011925968532293,0,0,0,0,0,0,0,0,0,0.0126817283570629,0,0,0,0,0,0,0,0,0,0,0,0,0.00188685025075806,0,0,0,0,0,0,0,0,0,0,0,0,0,0.000582629451906312,0,0,0,0,0,0.0121408815096636,0
0.00557125346821777,0.0275548754091613,0.0483629844070423,0.00541502044185875,0,0.00818393971156651,0.0231950421227753,0.0334138446847989,0.000243484316497816,0.0128921623061757,0.0654280697633491,0,0,0.0219602637271933,0,0.0161813007297157,0.0119643478722582,0,0,0.00348006742895793,0.00559355892401727,0,0.0169827348299224,0,0.0258923299930979,0,0,0.0330586988510735,0,0,0,0.00744131377932356,0,0,0.0263479086334147,0.00364030201913719,0,0,0,0,0.012357717104629,0,0,0,0.0200109473721564,0.00713478348036974,0,0,0.0124448890308652,0.0231375267115684,0.00121366042530577,0,0.0158478465106387,0,0.00290171624802821,0.0126194485347688,0,0,0,0.0386841176861301,0.0314848803441383,0,0.0223550610904723,0.00435434859559576,0,0,0.0387036373953982,0,0.0121241504790238,0,0,0.00927835178029071,0.00663823261702854,0.0244779954846628,0.0630904284389248,0.0126817283570629,0,0,0,0,0,0.0246767277500579,0.0279893642011581,0,0,0,0,0,0.0219600474187197,0,0.0208196701297166,0,0,4.05798485794105e-05,0.00215448473845328,0,0,0,0.00133998266348046,0,0.018489405741254,0.0246073170430216,0.0355287960439682,0,0.000267736375007518,0,0,0.0185268923109824,0.0086078681170468,0,0.00129317681442144
0.00912198506145802,0.00717070352505886,0.0167352358192021,0.0149959265208481,0,0.0131900998042313,0.015164762253548,0.0210019681878699,0.000289858588799377,0.0126418299538358,0.00737915168931289,0,0,0.0283105114858758,0,0,0,0,0,0.00773885451194355,0,0.0241003259894743,0.0333295058282613,0,0,0,0,0.00754845472985357,0.000203307923562919,0.00268942073154795,0.00181003585948088,0,0.00129075149690011,0,0.0406311846529554,0,0,0.00747185594864995,0,0.0110747225898019,0.0191485750450581,0.00239887316383932,0,0.0151731288127103,0,0,0.000602965820650954,0,0.00283934268273589,0.0181758465037848,0.00715019188693931,0,0.010312989990293,0,0,0,0.0330153008686948,0.0813320328214282,0,0.012568038703082,0,0,0,0,0.0119073497855827,0.0180324861546278,0.00827652652176507,0.0101843990417989,0.00051719493381806,0.00674938994091035,0.0039085535913819,0.061704715079891,0,0.00220496971800262,0.0350191254684432,0,0,0,0,0,0,0.0614745647387431,0.00618628206828334,0,0,0,0,0,0.104193854528579,0,0.0108425993256423,0,0,0.00284539299317839,0,0,0.00395618196276572,0,0,0.00484313146932676,0.0080392907339407,0.0181077023413646,0.017430172791986,0,0.0197160399955634,0.00108486967425047,0,0.0261221660403706,0.0417259972155739,0,0.00685116211368503
0,0,0.0252545733385217,0,0,0.00128571576172717,0.0141908668642409,0.0173053038416532,0,0.0151667750666701,0.0344340641618524,0,0,0.0231098322422262,0,0.00763820875866678,0,0,0,0,0.000128099801196542,0,0.00934576804487515,0,0.00674582811432671,0,0,0.0112631636315168,0,0,0,0,0,0,0.0185004968870938,0.00247654477745737,0,0,0.00122208127322393,0,0.00649019800653952,0,0,0.00407141492290637,0.0214859718617048,0.00423839790789906,0,0,0,0.00142461977079912,0,0,0.00606319575641735,0,0,0.0112667061755723,0,0,0,0.00444595173452073,0.0370385318888026,0,0.0189213824384615,0,0,0,0.0211440986860474,0,0.0285106138697068,0,0,0,0.00179870648439433,0.0250187339691951,0.0705925154344123,0,0,0,0,0,0,0.00838046367175,0.0367358589398639,0,0,0,0,0,0.0124483117414069,0,0.0210150770014623,0,0.0012576354150783,0,0,0,0,0,0,0.00894996210397629,0.00322715029395127,0,0.00777310267210656,0,0.00503766140168134,0,0,0.00331835776040784,0.0158450374671947,0,0
0,0,0,0.00294959902554789,0,0.00516769781550405,0.00923065101887838,0,0,0.0110988822007261,0,0,0,0.0151677202538231,0,0,0,0,0,0,0,0,0,0,0,0,0,0,0,0,0,0.011606205878304,0,0,0,0,0,0,0,0,0,0,0,0,0,0,0,0,0,0,0,0,0.00023434199754546,0,0,0.00434205394301313,0,0,0,0.00109573679635273,0.00149794661821428,0,0,0,0,0,0.00226859327048448,0,0,0,0,0,0,0,0,0,0,0,0,0,0,0,0,0,0,0,0,0,0,0,0,0,0,0,0,0,0,0,0.00763035759343528,0,0,0,0.00132245909264106,0,0,0,0,0,0.00730629851392089,0,0.000906788847832845
0,0,0,0,0,0.00524749933799276,0.0194069709020651,0,0,0.0123762716422197,0,0,0,0.0202712868156644,0,0,0,0,0,0,0,0,0.00795393152018124,0,0,0,0,0,0,0,0,0,0,0,0.0163147992979992,0,0,0,0,0,0.025374080969438,0,0,0.00997681185964774,0.0144017266961781,0,0,0,0,0,0,0,0,0,0,0,0,0,0,0,0.0261889484649641,0,0.00789197554500632,0,0,0.000378715897530165,0.0132573316572486,0,0,0,0,0,0,0,0.010762664499535,0,0,0,0,0,0,0.0239822622236714,0,0,0,0,0,0,0.000316398618464782,0,0,0,0.00353581988965532,0,0,0,0,0,0,0,0,0,0,0,0,0,0,0,0.0202398990193021,0,0
0.00246669708563936,0.00130733801044367,0.00244408299714333,0.00192920338333349,0,0,0.0128083800127112,0,0.00683038188293478,0,0,0,0.00383763821726436,0,0.00085329135414387,0,0.0273934869338347,0.00271822874633258,0.00328231020844921,0,0,0,0.0780407699059654,0.00147001662396423,0,0.016126078793215,0.0420973145250324,0,0,0.0575849511167401,0.00973275564996968,0.0279490721128876,0,0,0,0,0.0147254613967093,0.00807301965908919,0,0.00460578919685204,0.0118802390835579,0.012263902270056,0.0236081802056116,0.0137325014822062,0.00343241800658555,0,0.0178192848656309,0,0,0,0.0295846641626341,0,0.00534863595363919,0.0608880475911759,0.00870247737461027,0,0.00321577308568498,0.0691834224250331,0.0124951175446057,0,0,0.115303117204734,0,0.0297634430462462,0.0381797020245973,0.0569288576036109,0.0555674762348286,0.137451362659271,0.00515812858059771,0.10937767525279,0.0613814643420323,0.0223646102565015,0.00384558500476416,0,0,0,0.0246767277500579,0.0614745647387431,0.00838046367175,0,0.0239822622236714,0,0,0,0.011781956743519,0.0189399628141011,0,0,0.122846801931605,0.0064679636300443,0,0.0576430498153296,0,0,0,0.00102180291819352,0.00199319577386413,0,0,0,0,0,0,0,0,0.00797643854035657,0.0122346310928836,0,0,0.0137149883381555,0
0,0.000523144345729587,0,0,0,0,0.000370292332761383,0,0,0.0139032788302974,0.0122605552596522,0,0,0.0134846265347058,0,0,0,0,0,0,0,0,7.36973006065372e-05,0,0.00724942692614095,0,0,0,0,0,0,0,0,0,0,0.00391550160485508,0,0,0,0,0,0,0.00912517649926558,0.00681780368260627,0,0,0.00275686019676159,0,0,0,0.000792252616163091,0,0.0251472779514903,0,0,0.0214391945585699,0,0,0,0.000639805244912532,0.0151550987068979,0,0.00339025362387062,0,0.0118696959921462,0,0.0239037417794946,0,0,0,0.00894385770515747,0,0,0.0161064663173507,0.0460287702755877,0,0.0279893642011581,0.00618628206828334,0.0367358589398639,0,0,0,0,0,0.0195032417561208,0,0,0,0,0.00516509883398684,0,0,0,0,0,0,0,0,0,0,0,0,0,0,0,0,0,0,0.0084979348567834,0.00322166660075377,0
0,0,0,0,0,0,0.00127190511883439,0,0,0,0,0.00365998375900437,0.00709512342182849,0.00311744751557111,0,0,0,0,0,0,0,0,0,0,0,0,0,0,0,0,0,0,0,0.000310479528292905,0,0.00190231784126431,0,0,0,0.0117498450308113,0,0,0,0.0105854881227216,0,0,0,0,0,0,0,0,0,0,0,0,0,0,0,0,0,0,0,0,0,0,0,0,0,0,0,0,0,0,0,0,0,0,0,0,0,0,0,0,0,0,0,0,0.0180915382723671,0,0,0,0.00491398854440665,0,0,0,0,0,0,0,0,0,0,0,0,0,0.00619029920368045,0,0,0,0
0,0.00971703888319212,0.0192887742087751,0.000379385515747659,0,0.00359234456918887,0.0163214291704985,0.00812038520912232,0,0.0142724272654576,0.0177643755779503,0,0,0.0190110453778413,0.00415966439985318,0.0161891873354311,0,0,0,0.00238667818461105,0,0,0.00256173465436836,0,0.0159407679140255,0,0,0.0172559783992868,0,0,0,0.000744656319608379,0,0,0.00020965995868047,0.00250445811881208,0,0,0,0,0.00706896997637074,0,0,0,0.00525482099204414,0,0,0,0,0,0,0,0,0,0,0.020291384436378,0,0,0,0.0109807943310747,0.0273328724084226,0,0.0160590482975875,0,0,0,0.0249978339442558,0,0.00252464470925167,0,0,0,0.0107480489834726,0.0189987294732927,0.0444381541384763,0,0,0,0,0,0,0.011781956743519,0.0195032417561208,0,0,0,0,0,0,0,0.00563982881154265,0,0.00325180585759967,0,0,0,0,0,0,0,0.00788724826810348,0,0.000126718310711392,0,0,0,0,0,0.00803032543186681,0,0
0,0,0,0,0,0.00222588870795182,0.0256539327428401,0,0,0.0101087197828648,0,0,0.00168006623964192,0.0170471256584383,0,0,0,0,0.000266065116499466,0,0,0,0.00358555306998241,0,0.00133034402406544,0,0,0,0,0,0,0,0,0.000449708470568811,0.0115137123159667,0.00223465118329047,0,0,0,0.00628583695986024,0.0200589301637158,0,0,0.0247750124662101,0,0,0.00123988406079652,0,0,0,0,0,0,0,0,0,0.00343734766559709,0,0,0,0.00590807503525366,0,0.000974273136208956,0,0,0,0.0126837442907485,0,0,0,0,0,0,0,0,0,0,0,0,0,0,0.0189399628141011,0,0,0,0,0,0,0.00116872545768682,0,0,0,0.00253429090186574,0,0,0,0,0,0,0,0,0,0,0,0,0,0,0,0.0162691144486878,0,0
0,0,0,0,0,0,0.00755775300233686,0,0,0,0,0,0,0.00122414304574484,0,0,0.00081778437602803,0,0.00380573986086386,0,0,0,0,0,0,0,0,0,0,0.00232499413859271,0,0.00381092379889086,0,0,0,0,0,0,0,0,0,0,0,0.0137313008975223,0.0134663282075423,0,0,0,0,0,0,0,0,0,0,0.0185015706264838,0,0,0,0,0.0337979830325137,0,0,0,0,0,0,0,0,0,0,0,0,0,0.017885335835779,0,0,0,0,0,0,0,0,0,0,0,0,0,0,0,0,0,0,0,0,0,0,0,0.00838668262881173,0.00298816658783761,0,0,0,0,0.00198225877086866,0,0,0,0,0,0
0,0,0,0,0,0,0.00797688777424457,0,0,0.00334787679218178,0,0,0,0.0149607584760652,0,0,0.00867459401515233,0,0,0,0,0,0.00539707270305086,0,0,0,0,0,0,0,0,0.000939567356217657,0,0,0,0,0,0,0,0,0.00157301194173168,0,0,0.00265359937750291,0.00742773010658812,0,0.000765604779765765,0,0,0,0,0,0,0,0,0.012086522696168,0,0,0,0,0.0191561033532724,0,0.0144431879350646,0,0,0,0.0033505034608047,0,0,0,0,0,0,0.00415393651045942,0.0185770874777111,0,0,0,0,0,0,0,0,0,0,0,0,0,0,0,0.00796996844004901,0,0,0,0,0,0,0,0,0,0,0,0,0,0,0,0,0,0.0134334330893312,0,0
0.00504397387428936,0.0041106091369814,0.0067146804904174,0.0168995818170923,0,0.00121440373775861,0.0475419490299671,0.0150628877740745,0.00682430772475404,0.00896918484362239,0,0,0.0131459430604914,0.0357647839015583,0.0132825958949481,0,0.00846862299303935,0,0.00435568392577227,0.0164531853824695,0,0.0424886389401996,0.00131832079448604,0.0177547790341267,0,0,0.00943087225712621,0,0,0.219734655177136,0.00996831875800421,0,0.00442591959642446,0,0.0242253038942844,0,0.00270778601997673,0.00805821139393164,0.00167210864393339,0.0163885737795688,0.0357503511452143,0.00726706140129174,0.00174463641385546,0.00277842065499806,0.00974775177489073,0.00473210776606033,0,0.00457252903819859,0.00308627900451608,0.0223910140420813,0.0499899979450989,0.0850843752369933,0.00216794624700337,0.0674195345576725,0.00321233269073533,0.00288075400752752,0.0724547181321675,0.153374851099484,0.000906086245315418,0,0,0.126407418403522,0,0.0176818216588518,0.0385715177807285,0.0774722293231463,0,0.17056964560144,0.00504173821141093,0.191966583617166,0.0824203746473381,0.0858472715251359,0,0,0,0,0.0219600474187197,0.104193854528579,0.0124483117414069,0,0.000316398618464782,0.122846801931605,0,0.0180915382723671,0,0.00116872545768682,0,0,0,0.00062750830702142,0.004804403151822,0.0129084929132014,0.0190429153443753,0,0.00163637462875408,0,0,0.00112285006763815,0.01087631883828,0,0.0133625407647473,0.00550082172395337,0,0,0.0168187668525889,0.00238290665034496,0.00854102044621485,0.0422675205389789,0.024911546530128,0,0
0,0,0,0,0,0,0,0.000372343209934085,0,0.0235931860901329,0,0,0,0.0241000046918144,0,0,0,0,0,0,0,0,0.0155336939501899,0,0,0,0,0,0,0,0,0,0,0,0,0,0,0,0,0,0,0,0,0,0,0,0,0,0,0,0,0,0,0,0,0.00284306473537704,0,0,0,0,0.00372589122175322,0,0.00718974946384234,0,0,0,0.0190808846860891,0,0,0,0,0,0,0.0131616509824791,0.0343951141811711,0.00188685025075806,0,0,0,0,0,0.0064679636300443,0.00516509883398684,0,0,0,0,0,0.00062750830702142,0,0,0,5.55659428867634e-05,0,0,0,0,0,0,0,0,0,0.00477922821637146,0,0,0,0,0.00512392247258707,0.0121762883494002,0,0
0,0,0,0,0,0.000352518900849259,0.00682374768381675,0,0,0.0136521245005836,0,0,0,0.0171720060602843,0,0,0,0,0,0,0,0,0.01014715360763,0,0,0,0.00587667226547395,0,0,0,0,0,0,0,0,0.0072768865964564,0,0,0,0,0,0,0.00692738259792358,0.0107951245418642,0,0,0.00229061033302041,0,0,0,0,0,0.00475763699305478,0,0.000126367649102531,0.0126092099883361,0,0,0.0117199371316196,0,0.0242059580204841,0.000602880613167445,0.0201241326030475,0,0,0,0.0309276240697591,0,0.00155033315137871,0,0.00109945241601411,0,0,0.0146125556023298,0.0354777548230554,0,0.0208196701297166,0.0108425993256423,0.0210150770014623,0,0,0,0,0,0.00563982881154265,0,0,0.00796996844004901,0.004804403151822,0,0,0,0.00152936743498788,0,0,0,0.00653193640454556,0,0,0.00615095458628186,0,0,0,0.00734052516997766,0,0,0,0,0.0134273720036269,0,0
0,0,0,0,0,0,0.00710925817648107,0,0,0,0,0,0.0111987483604283,0,0,0,0,0,0,0,0,0,0.00191241264273378,0,0,0,0,0,0,0.0304630229989503,0,0.000422600410782434,0,0,0,0,0,0,0,0.0168800062670759,0,0,0,0.0373413380767941,0,0,0,0,0,0,0,0,0,0,0,0,0.0135839522827557,0.0190057319614547,0,0,0,0,0,0,0,0,0,0,0,0.0161400856058849,0,0,0,0,0,0,0,0,0,0,0,0.0576430498153296,0,0,0,0,0,0,0.0129084929132014,0,0,0,0.000743069744930008,0,0,0,0,0,0.00694212924446047,0,0,0,0,0,0,0,0.000576870270656695,0,0.00986601563203599,0,0
0,0,0,0,0,0,0.000317622064438686,0,0,0.00352469497346085,0,0,0.0027484798555059,0.00199569256289248,4.03026094628241e-05,0,0.00352142915334289,0,0,0.000974367146260873,0.00415117148236364,0,0,0.00203376414558281,5.75621338708629e-05,0,0.00510228509010015,0.000362167268546621,0,0,0,0,0,0,0,0,0,0,0,0.00153309733281489,0.00470567192945779,0,0,0,0.00456959761997292,0,0,0,0,0,0,0,0,0,0.00111443978303194,0.00455142018230044,0.00266950137856557,0,0.00107503841687465,0,0.00237274763611963,0,0.000129455559313459,0.00608346008925568,0,4.1768822104344e-05,0,0,0,0,0,0,0.00310544650462647,0,0,0,0,0,0.0012576354150783,0,0.00353581988965532,0,0,0.00491398854440665,0.00325180585759967,0.00253429090186574,0,0,0.0190429153443753,5.55659428867634e-05,0.00152936743498788,0.000743069744930008,0,0,0,0,0,0.00255022861689428,0,0.000839334005605213,0,0,0,0,0,0,0,0,0,0.00515109914288675,0
0,0,0,0,0,0.00313752376324948,0.0190618782341638,0,0,0.0308526606915271,0,0,0,0.0317824410080552,0.0276790909328058,0,0,0,0,0.0184983301351568,0,0,0,0,0,0,0,0,0,0,0,0.00230368932342609,0,0,0,0,0,0,0,0,0,0,0,0,0,0,0,0,0,0,0,0,0,0,0,0.0222194803780725,0,0,0,0,0.0192800514187046,0,0.0194608490905701,0,0,0,0.00699451118331637,0,0,0,0,0,0,0.0170986595831147,0.0147407395633703,0,4.05798485794105e-05,0.00284539299317839,0,0,0,0,0,0,0,0,0,0,0,0,0,0,0,0,0.00247487535996311,0,0,0,0,0,0,0,0,0,0,0,0,0,0.00654968909787758,0,0
0,0,0,0,0,0,0.00615159196429147,0,0.00257303982074059,0.0209219494892967,0,0,0,0.01848482286217,0.0216073438487763,0,0,0,0,0.0134320232778804,0,0,0,0.00222173339097633,0,0,0,0,0,0,0,0,0,0,0,0.00539766785038466,0,0,0,0,0,0,0,0.0200093426689825,0,0,0,0,0,0,0,0.00359431745034209,0,0,0,0.00774482151558994,0,0,0,0,0,0,0.0116006189580857,0,0,0,0.0143373931132703,0,0,0,0,0,0,0.00176276338408507,0,0,0.00215448473845328,0,0,0,0,0,0,0,0,0,0,0,0.00163637462875408,0,0,0,0,0.00247487535996311,0,0,0,0,0,0,0,0,0.00068061280146197,0,0,0,0,0,0,0.00766161349748539,0
0,0,0,0,0,0,0,0,0,0.0121249804101036,0,0,0,0.00436890556656499,0,0,0,0,0,0,0,0,0,0,0,0,0,0,0,0,0,0,0,0,0,0,0,0,0,0,0,0,0,0,0,0,0,0,0,0,0,0.0403979800409727,0,0,0,0.0153635799061149,0.0466032817439493,0,0,0,0,0,0.00593852506023981,0,0,0,0,0,0,0,0,0,0,0.00741186733430482,0,0,0,0,0,0,0,0.00102180291819352,0,0,0,0,0,0,0,0,0,0,0,0,0,0,0,0.00317191935863697,0,0,0,0,0,0,0,0,0,0,0.00718125769337278,0,0
0,0,0,0,0,0.00550855763572537,0.0139177292752918,0,0,0.0147464406161728,0.00168574102344788,0,0,0.0217468651819163,0,0,0.00343430605226453,0,0,0,0,0,0.0100829938337961,0,0,0,0,0,0,0,0,0,0,0,0.00991958235830603,0,0,0,0,0,0.00883231133392927,0,0,0.00119844003907686,0.0162245794901994,0,0,0,0,0,0,0,0.00044926024060264,0,0,0.0101499599994831,0,0,0,0,0.0231403412305275,0,0.0149459584505224,0,0,0,0.014533908859363,0,0,0,0,0,0,0.00528576396904274,0.0220703353435582,0,0,0.00395618196276572,0,0,0,0.00199319577386413,0,0,0,0,0,0,0,0,0.00653193640454556,0,0,0,0,0,0,0,0,0,0,0,0,0,0,0,0,0,0.0140679354331624,0,0
0,0,0,0,0,0,0,0,0,0,0,0,0.00856118605368246,0,0,0,0,0,0,0,0,0,0,0,0,0,0,0,0,0,0,0,0,0.0055124150921846,0,0,0,0,0,0.00839718294094559,0,0,0,0.02490632394615,0,0,0,0,0,0,0,0,0,0,0,0,0,0,0,0,0,0.00992230791959199,0,0,0,0,0,0.00359844457391915,0,0,0,0,0,0,0,0,0,0,0,0,0,0,0,0,0,0,0,0,0.00112285006763815,0,0,0,0.00255022861689428,0,0,0.00317191935863697,0,0,0,0,0,0,0,0,0,0,0,0,0,0,0
0,0,0,0,0,0.00263287600251446,0.0258678128572165,0,0.00114783328319733,0.0300593968707415,0,0.0164255224803324,0,0.0444111888680854,0.0232327158974344,0,0,0,0.0360231017690642,0.0158804075123528,0,0,0.0122065543287956,0,0,0,0,0,0.00680261092580192,0,0,0.00856028278158929,0.0104361805141887,0.016947313032464,0,0.00310248026373575,0,0.00566832656683948,0.00649236671198058,0,0,0,0,0.0250053557882703,0,0.0051424668666291,0.0110035696342716,0.0235661587105893,0.0167617887187726,0.0074285129018977,0.00236342837471736,0.00655784655734222,0,0,0.00279734045352171,0.0130666309754973,0.00562062897808512,0,0.00475612847604844,0,0.0111252954157763,0,0.0191113745959565,0.00376825176979675,0,0,0,0,0,0,0,0,0,0.00768053174641281,0,0,0.00133998266348046,0,0,0.00763035759343528,0,0,0,0,0,0,0.00838668262881173,0,0.01087631883828,0,0,0.00694212924446047,0,0,0,0,0,0,0,0,0,0.00265057866972256,0.0039616246845458,0.000298452533203448,0.00686716172904505,0,0,0.00506800944891876,0.0105193436472591,0.0004328684412549,0
0,0,0,0,0,0.00584586613174145,0.0211031742560319,0,0,0.0210170741847069,0.00504141795041758,0,0,0.0227495360674829,0.00129800701160118,0,0.00203943849369544,0,0,0,0,0,0,0,0.00893373624274581,0,0,0,0,0,0,0.00279409344714169,0,0,0.00397458909002807,0.00382724354096847,0,0,0.0029321210619945,0,0.00412509951262773,0,0,0,0.0238291127455254,0.00639489275617812,0,0,0,0,0,0,0.00565477904340915,0,0.00704021023024992,0.0336761564933964,0,0,0.00458038296915302,0,0.0368125682288405,0,0.0250076765163599,0.00675551832779221,0,0,0.017773072082905,0,0.00457077155855601,0,0,0,0.00550919370427174,0.0187800724585014,0.0310197875206473,0,0,0.00484313146932676,0.00894996210397629,0,0,0,0,0,0,0,0.00298816658783761,0,0,0,0.00615095458628186,0,0.000839334005605213,0,0,0,0,0,0,0,0,0,0,0,0,0,0,0,0.00669594015292817,0.00216830333893568,0
0,0,0,0,0,0,0.0145283412969385,0,0,0.0264287223394457,0,0,0,0.0247292172395801,0.012014250160614,0.015099636751699,0,0,0,0.00945807778455591,0,0,0.00158120102073311,0,0.00866117028271757,0,0,0,0,0,0,0,0,0,0.000393585249381003,0.0238454411715522,0,0,0,0,0.00151740650049525,0,0.0179207703197651,0.00105086965832292,0.00118652449615831,0,0,0,0,0,0.00249798292889145,0,0,0,1.94590288769836e-06,0.0179538060717496,0,0,0.00150364009523068,0,0.0226415137723902,0,0.0130481947521033,0.00312090087534307,0,0,0.0363552370113531,0.000830883296718965,0,0,0.0135598212769411,0,0,0.00937968661310835,0.0258569498806665,0,0.018489405741254,0.0080392907339407,0.00322715029395127,0,0,0,0,0,0.00788724826810348,0,0,0,0.0133625407647473,0,0,0,0,0,0,0,0,0,0,0,0,0,0,0,0,0,0,0,0.00617397919079499,0.00238183238770352,0
0,0,0,0,0,0.00433344462727113,0.0123854217581998,0,0,0.0301315507564039,0,0,0,0.030094323803428,0.0274386742314163,0,0,0,0,0.0206911864360396,0,0,0.01234687703372,0.000257703846171779,0,0,0,0,0,0,0,0,0,0,0,0.0129083597466951,0,0,0,0,0,0,0,0,0,0,0,0,0,0,0,0,0,0,0,0.0161662680266857,0,0,0,0.00100473317296487,0.0134332321503799,0,0.00727169417780749,0,0,0,0.0421739125248374,0,0,0,0.00605123061830124,0,0,0.00963647542335266,0.0244904955122397,0,0.0246073170430216,0.0181077023413646,0,0,0,0,0,0,0,0,0,0,0.00550082172395337,0,0,0,0,0,0,0,0,0,0.00265057866972256,0,0,0,0.0055532177191782,0,0,0,0,0,0.0118551304580896,0.0113714137366737,0
0,0,0,0,0,0,0.00428434087925901,0,0,0.0278506302038209,0,0,0,0.0302978025657959,0.0266651753478637,0,0,0,0,0.0157597106911618,0,0,0.00439185741177486,0,0.000295755111252264,0,0.000524880446294293,0,0,0.00245047376842568,0,0,0,0,0,0.0193537739097579,0,0,0,0,0,0,0.00196978982218941,0.00406839262373204,0,0,0.00841658652639178,0.00566596084585026,0.00335544957548361,0.000239887376290317,0.0118387033457681,0,0.00990604449888551,0,0,0.0104946400967465,0,0.00812686702592077,0,0.016766882059125,0,0,0,0,0.00603034517743275,0,0.0386236839831625,0,0,0.000620789032306516,0.0248992556386742,0.011124593967312,0,0,0,0,0.0355287960439682,0.017430172791986,0.00777310267210656,0.00132245909264106,0,0,0,0,0.000126718310711392,0,0,0,0,0.00477922821637146,0,0,0,0,0.00068061280146197,0,0,0,0.0039616246845458,0,0,0.0055532177191782,0,0,0,0,0,0,0.00345897000483228,0.00705005786084825,0
0,0,0.000206988498397849,0,0,0.00267190341152016,0.0111814081685731,0,0,0.0107355962646697,0,0,0,0.0233306845773851,0,0,0.0021262789359741,0,0,0,0,0,0.0138638170078155,0,0,0,0.00433190760865876,0,0,0.00125261701791188,0,0.00175046853768749,0,0,0.00513029541996794,0,0,0,0,0,0.00849240260501568,0,0,0.000606593817717595,0.0154445680909552,0,0.00102492636571062,0,0,0,0,0,0.00498695192543933,0,0,0.00940108789868287,0,0,0,0,0.0173394048716375,0,0.00698788557982895,0,0,0,0.00625322649742151,0,0,0,0,0,7.74137580687081e-05,0.00180975945389685,0.0200532410885172,0.000582629451906312,0,0,0,0,0,0,0,0,0,0,0,0,0,0,0.00734052516997766,0,0,0,0,0,0,0,0.000298452533203448,0,0,0,0,0,0,0,0,0,0.0181201282227433,0,0
0,0,0,0,0,0,0.014717245907555,0,0,0.00767870433580863,0,0,0.00774419673554927,0,0,0,0,0,0,0,0.000791743389433881,0,0,0,0,0,0,0,0,0.0187361529438392,0,0,0,0.00491652164850613,0.0088813137804917,0.000514918502562709,0,0,0.0229373642155906,0,0.0108830550287043,0,0,0.0116698674036652,0.00122544113781611,0,0,0,0,0,0.00132780985729495,0,0,0,0.00585018531447536,0.00945728213545727,0,0.0103929950894768,0,0,0.020611633806852,0.0123572897589473,0.0130414325781906,0.00886925135760713,0.0103089759778299,0.0139954089887383,0.00501178736841066,0.0174582909225837,0,0.00950550786449941,0.0055589730862184,0,0,0,0,0,0.000267736375007518,0.0197160399955634,0.00503766140168134,0,0,0,0,0,0,0,0.00198225877086866,0,0.0168187668525889,0,0,0,0,0,0,0,0,0,0.00686716172904505,0,0,0,0,0,0,0,0,0,0,0,0
0.00858948106042976,0,0,0.0150955337358714,0,0.0140845169749568,0.0246110167826952,0,0,0.0160835568473857,0,0.00368720697225998,0,0.0308711532122746,0.0133166890468279,0,0,0,0.012440244161987,0.0117749230387697,0,0.00320843835245463,0.0164056355987483,0.00375260268299501,0,0,0,0,0,0,0,0.0174547570329653,0,0,0.00658248125958262,0.0336804709106178,0,0,0,0.00603791214965657,0.00732404012159762,0,0,0.0150735789688894,0,0,0,0,0.0104308297644997,0.00425195307650015,0.000261647592069199,0,0,0,0,0.0155516226249486,0,0,0,0,0.0160054468891877,0,0.00346854004860862,0,0,0,0.0547072255993057,0,0,0,0,0,0,0.00485041576370689,0.00980092771505022,0,0,0.00108486967425047,0,0,0,0.00797643854035657,0,0,0,0,0,0,0.00238290665034496,0,0,0,0,0,0,0,0,0,0,0,0,0,0,0,0,0,0,0,0.0218890598404321,0,0
0,0,0,0,0,0.000812858619138846,0.00572172687788311,0,0,0,0,0,0,0.0258980116791851,0,0,0,0,0.0269244290720095,0,0,0,0.0171815580458684,0,0,0,0,0,0,0,0,0.0206483905820457,0,0.000485435182192992,0,0,0,0,0,0.00644199435579388,0,0,0,0.00143471840023656,0,0,0.00527435798983467,0,0.000249413722744178,0,0,0,0,0.00942492709097497,0,0.00188606745273798,0,0,0,0,0,0,0,0,0,0,0,0,0,0,0,0,0,0,0,0,0,0,0,0,0,0.0122346310928836,0,0.00619029920368045,0,0,0,0,0.00854102044621485,0,0,0.000576870270656695,0,0,0,0,0,0,0,0,0,0,0,0,0,0,0,0,0.0212977602042224,0,0
0,0,0,0,0,0,0,0,0,0.0252436775149555,0,0,0,0.017548939702829,0.00829266836024157,0,0,0.00139259508294823,0,0.00735775468636549,0.000307511979148734,0,0.00990705447927455,0,0.000967062866966562,0,0.0133757100309199,0,0,0.0226926338840035,0,0,0,0,0,0.00892415412168781,0,0,0,0,0,0,0.00402703545530084,0,0,0,0,0,0,0,0.00563761363342682,0,0,0,0,0,0,0.0161080471531731,0,0,0,0.0299615125944884,0,0,0.0105843616825468,0.00163428211424248,0.0204065072828288,0.0411319113197998,0,0.0217048718654172,0.0268886929633906,0,0,0,0.0146271225194683,0,0.0185268923109824,0.0261221660403706,0.00331835776040784,0,0,0,0,0,0,0,0,0,0.0422675205389789,0.00512392247258707,0,0,0,0,0,0,0,0,0.00506800944891876,0,0,0,0,0,0,0,0,0,0,0.00315614446487118,0
0.0173433553779245,0.010260163263107,0.0179229766013769,0.00358278777860085,0.00858667562745094,0.00593847450489622,0,0.00934197590329627,0.0134002439069907,0,0.00299550240180055,0,0,0,0.00354702743117319,0,0.00429828761367679,0.0107847383046933,0.0024342742666719,0,0,0,0.00668776861659638,0,0.00833266502384482,0,0.0135024856367528,0,0,0.0244610971917,0.00610762619683579,0.00303547016814264,0,0,0.00280752424046437,0,0.011030307589335,0.0217507229961382,0,0.00544391248049429,0.0145711436992592,0.0156345853746788,0.0166739109040371,0.0229013689931593,0.0112329403825547,0.00311767893379894,0,0,0.000177434977728808,0.00800613922052926,0.0158261744495204,0,0.0197414178579837,0,0,0,0,0.031528318795942,0,0,0.000111482480624927,0.0279565720293854,0,0.0107056944040574,0.0317191207044443,0.0310102795720556,0.0140285113375701,0.0373954874021312,0.00907371172205466,0.0258762710925558,0.0175822544983223,0.0177402861111123,0.0082087683388726,0,0,0,0.0086078681170468,0.0417259972155739,0.0158450374671947,0.00730629851392089,0.0202398990193021,0,0.0084979348567834,0,0.00803032543186681,0.0162691144486878,0,0.0134334330893312,0.024911546530128,0.0121762883494002,0.0134273720036269,0.00986601563203599,0,0.00654968909787758,0,0.00718125769337278,0.0140679354331624,0,0.0105193436472591,0.00669594015292817,0.00617397919079499,0.0118551304580896,0.00345897000483228,0.0181201282227433,0,0.0218890598404321,0.0212977602042224,0,0,0.0213526382742701,0.0175514719867306
0,0.0105688523014599,0.0161019534563597,0,0,0.00349103505298635,0.0148703115406261,0.0110582785643469,0,0.0353091297948614,0,0,0,0.0367499276132305,0.000361347729670373,0.00133078633244629,0,0,0,0,0,0,0.0244222323839391,0,0.00564668968420048,0,0.0100967370718933,0.00162956354967111,0,0,0,0.00623965608555772,0,0,0,0,0,0,0,0,0.00547176965676795,0,0.00678502653061504,0,0,0,0.0042801465794665,0,0,0,0,0,0.00449767559889018,0,0,0.00336626847716135,0,0,0,0.00844884523360581,0.0122064530268369,0,0.00670203221912987,0,0,0,0.0186250553049267,0,0,0,0,0,0.00701545559786753,0.00267984343836363,0.0204601570122996,0.0121408815096636,0,0,0,0,0,0.0137149883381555,0.00322166660075377,0,0,0,0,0,0,0,0,0,0.00515109914288675,0,0.00766161349748539,0,0,0,0.0004328684412549,0.00216830333893568,0.00238183238770352,0.0113714137366737,0.00705005786084825,0,0,0,0,0.00315614446487118,0.0213526382742701,0,0.00308749657539366
0.00713996502074456,0,0,0.00533403414196798,0,0.00590338682372298,0.0137054480996145,0,0.00404203665226346,0.0189068384562654,0,0.00511294904925803,0,0.0359323761202922,0.0242596270567549,0,0,0,0.0218168709027363,0.0179531641302336,0,0,0.0147577712074558,0.00762205786631617,0,0,0,0,0,0,0.00861083420260627,0.0296161341336682,0.00295678356955738,0,0,0.033670784821456,0,0.00835085715291788,0,0.00453054628046914,0,0.00428933065557533,0,0.0158691746976852,0,0,0,0.0132191505467371,0.0200841140835374,0.00448160064878258,0.00272881192262426,0.000958588194996665,0,0,0,0.0194886812427434,0,0,0,0,0.0134680341411961,0,0.0106552879922168,0,0,0,0.0493845639345899,0,0,0,0.00213182505079647,0,0,0.0116929044291134,0.0115379319753767,0,0.00129317681442144,0.00685116211368503,0,0.000906788847832845,0,0,0,0,0,0,0,0,0,0,0,0,0,0,0,0,0,0,0,0,0,0,0,0,0,0,0,0,0.0175514719867306,0.00308749657539366,0
